-- --------------------------------------------------------
-- Host:                         127.0.0.1
-- Versión del servidor:         10.1.21-MariaDB - mariadb.org binary distribution
-- SO del servidor:              Win64
-- HeidiSQL Versión:             9.4.0.5125
-- --------------------------------------------------------

/*!40101 SET @OLD_CHARACTER_SET_CLIENT=@@CHARACTER_SET_CLIENT */;
/*!40101 SET NAMES utf8 */;
/*!50503 SET NAMES utf8mb4 */;
/*!40014 SET @OLD_FOREIGN_KEY_CHECKS=@@FOREIGN_KEY_CHECKS, FOREIGN_KEY_CHECKS=0 */;
/*!40101 SET @OLD_SQL_MODE=@@SQL_MODE, SQL_MODE='NO_AUTO_VALUE_ON_ZERO' */;


-- Volcando estructura de base de datos para cdc
CREATE DATABASE IF NOT EXISTS `cdc` /*!40100 DEFAULT CHARACTER SET utf8 */;
USE `cdc`;

-- Volcando estructura para tabla cdc.actividades
CREATE TABLE IF NOT EXISTS `actividades` (
  `idActividad` int(11) NOT NULL AUTO_INCREMENT,
  `Descripcion` varchar(50) NOT NULL DEFAULT '0',
  `Compania` varchar(50) NOT NULL DEFAULT '0',
  PRIMARY KEY (`idActividad`)
) ENGINE=InnoDB AUTO_INCREMENT=5 DEFAULT CHARSET=utf8 COMMENT='Aquí se guardarán las obras, conciertos, ... que haya, pero existe una tabla sesiones que será para ver cuantas sesiones hay de cada obra, concierto, ...';

-- Volcando datos para la tabla cdc.actividades: ~2 rows (aproximadamente)
/*!40000 ALTER TABLE `actividades` DISABLE KEYS */;
INSERT IGNORE INTO `actividades` (`idActividad`, `Descripcion`, `Compania`) VALUES
	(3, 'Concierto Coral', 'Coral San Jose'),
	(4, 'Encuentro de Bandas', 'UMF');
/*!40000 ALTER TABLE `actividades` ENABLE KEYS */;

-- Volcando estructura para tabla cdc.butacas
CREATE TABLE IF NOT EXISTS `butacas` (
  `idButaca` int(11) NOT NULL AUTO_INCREMENT,
  `Fila` int(11) NOT NULL,
  `Asiento` int(11) NOT NULL,
  PRIMARY KEY (`idButaca`)
) ENGINE=InnoDB AUTO_INCREMENT=467 DEFAULT CHARSET=utf8 COMMENT='Guardaremos todas las entradas vendidas';

-- Volcando datos para la tabla cdc.butacas: ~439 rows (aproximadamente)
/*!40000 ALTER TABLE `butacas` DISABLE KEYS */;
INSERT IGNORE INTO `butacas` (`idButaca`, `Fila`, `Asiento`) VALUES
	(1, 1, 16),
	(2, 1, 14),
	(3, 1, 12),
	(4, 1, 10),
	(5, 1, 8),
	(6, 1, 6),
	(7, 1, 4),
	(8, 1, 2),
	(9, 1, 1),
	(10, 1, 3),
	(11, 1, 5),
	(12, 1, 7),
	(13, 1, 9),
	(14, 1, 11),
	(15, 1, 13),
	(16, 1, 15),
	(17, 1, 17),
	(18, 2, 16),
	(19, 2, 14),
	(20, 2, 12),
	(21, 2, 10),
	(22, 2, 8),
	(23, 2, 6),
	(24, 2, 4),
	(25, 2, 2),
	(26, 2, 1),
	(27, 2, 3),
	(28, 2, 5),
	(29, 2, 7),
	(30, 2, 9),
	(31, 2, 11),
	(32, 2, 13),
	(33, 2, 15),
	(34, 2, 17),
	(35, 3, 16),
	(36, 3, 14),
	(37, 3, 12),
	(38, 3, 10),
	(39, 3, 8),
	(40, 3, 6),
	(41, 3, 4),
	(42, 3, 2),
	(43, 3, 1),
	(44, 3, 3),
	(45, 3, 5),
	(46, 3, 7),
	(47, 3, 9),
	(48, 3, 11),
	(49, 3, 13),
	(50, 3, 15),
	(51, 3, 17),
	(52, 4, 18),
	(53, 4, 16),
	(54, 4, 14),
	(55, 4, 12),
	(56, 4, 10),
	(57, 4, 8),
	(58, 4, 6),
	(59, 4, 4),
	(60, 4, 2),
	(61, 4, 1),
	(62, 4, 3),
	(63, 4, 5),
	(64, 4, 7),
	(65, 4, 9),
	(66, 4, 11),
	(67, 4, 13),
	(68, 4, 15),
	(69, 4, 17),
	(70, 5, 18),
	(71, 5, 16),
	(72, 5, 14),
	(73, 5, 12),
	(74, 5, 10),
	(75, 5, 8),
	(76, 5, 6),
	(77, 5, 4),
	(78, 5, 2),
	(79, 5, 1),
	(80, 5, 3),
	(81, 5, 5),
	(82, 5, 7),
	(83, 5, 9),
	(84, 5, 11),
	(85, 5, 13),
	(86, 5, 15),
	(87, 5, 17),
	(88, 6, 18),
	(89, 6, 16),
	(90, 6, 14),
	(91, 6, 12),
	(92, 6, 10),
	(93, 6, 8),
	(94, 6, 6),
	(95, 6, 4),
	(96, 6, 2),
	(97, 6, 1),
	(98, 6, 3),
	(99, 6, 5),
	(100, 6, 7),
	(101, 6, 9),
	(102, 6, 11),
	(103, 6, 13),
	(104, 6, 15),
	(105, 6, 17),
	(106, 7, 18),
	(107, 7, 16),
	(108, 7, 14),
	(109, 7, 12),
	(110, 7, 10),
	(111, 7, 8),
	(112, 7, 6),
	(113, 7, 4),
	(114, 7, 2),
	(115, 7, 1),
	(116, 7, 3),
	(117, 7, 5),
	(118, 7, 7),
	(119, 7, 9),
	(120, 7, 11),
	(121, 7, 13),
	(122, 7, 15),
	(123, 7, 17),
	(124, 8, 18),
	(125, 8, 16),
	(126, 8, 14),
	(127, 8, 12),
	(128, 8, 10),
	(129, 8, 8),
	(130, 8, 6),
	(131, 8, 4),
	(132, 8, 2),
	(133, 8, 1),
	(134, 8, 3),
	(135, 8, 5),
	(136, 8, 7),
	(137, 8, 9),
	(138, 8, 11),
	(139, 8, 13),
	(140, 8, 15),
	(141, 8, 17),
	(142, 9, 20),
	(143, 9, 18),
	(144, 9, 16),
	(145, 9, 14),
	(146, 9, 12),
	(147, 9, 10),
	(148, 9, 8),
	(149, 9, 6),
	(150, 9, 4),
	(151, 9, 2),
	(152, 9, 1),
	(153, 9, 3),
	(154, 9, 5),
	(155, 9, 7),
	(156, 9, 9),
	(157, 9, 11),
	(158, 9, 13),
	(159, 9, 15),
	(160, 9, 17),
	(161, 10, 24),
	(162, 10, 22),
	(163, 10, 20),
	(164, 10, 18),
	(165, 10, 16),
	(166, 10, 14),
	(167, 10, 12),
	(168, 10, 10),
	(169, 10, 8),
	(170, 10, 6),
	(171, 10, 4),
	(172, 10, 2),
	(173, 10, 1),
	(174, 10, 3),
	(175, 10, 5),
	(176, 10, 7),
	(177, 10, 9),
	(178, 10, 11),
	(179, 10, 13),
	(180, 10, 15),
	(181, 10, 17),
	(182, 11, 24),
	(183, 11, 22),
	(184, 11, 20),
	(185, 11, 18),
	(186, 11, 16),
	(187, 11, 14),
	(188, 11, 12),
	(189, 11, 10),
	(190, 11, 8),
	(191, 11, 6),
	(192, 11, 4),
	(193, 11, 2),
	(194, 11, 1),
	(195, 11, 3),
	(196, 11, 5),
	(197, 11, 7),
	(198, 11, 9),
	(199, 11, 11),
	(200, 11, 13),
	(201, 11, 15),
	(202, 11, 17),
	(203, 12, 24),
	(204, 12, 22),
	(205, 12, 20),
	(206, 12, 18),
	(207, 12, 16),
	(208, 12, 14),
	(209, 12, 12),
	(210, 12, 10),
	(211, 12, 8),
	(212, 12, 6),
	(213, 12, 4),
	(214, 12, 2),
	(215, 12, 1),
	(216, 12, 3),
	(217, 12, 5),
	(218, 12, 7),
	(219, 12, 9),
	(220, 12, 11),
	(221, 12, 13),
	(222, 12, 15),
	(223, 12, 17),
	(224, 13, 24),
	(225, 13, 22),
	(226, 13, 20),
	(227, 13, 18),
	(228, 13, 16),
	(229, 13, 14),
	(230, 13, 12),
	(231, 13, 10),
	(232, 13, 8),
	(233, 13, 6),
	(234, 13, 4),
	(235, 13, 2),
	(236, 13, 1),
	(237, 13, 3),
	(238, 13, 5),
	(239, 13, 7),
	(240, 13, 9),
	(241, 13, 11),
	(242, 13, 13),
	(243, 13, 15),
	(244, 13, 17),
	(245, 14, 24),
	(246, 14, 22),
	(247, 14, 20),
	(248, 14, 18),
	(249, 14, 16),
	(250, 14, 14),
	(251, 14, 12),
	(252, 14, 10),
	(253, 14, 8),
	(254, 14, 6),
	(255, 14, 4),
	(256, 14, 2),
	(257, 14, 1),
	(258, 14, 3),
	(259, 14, 5),
	(260, 14, 7),
	(261, 14, 9),
	(262, 14, 11),
	(263, 14, 13),
	(264, 14, 15),
	(265, 14, 17),
	(266, 15, 26),
	(267, 15, 24),
	(268, 15, 22),
	(269, 15, 20),
	(270, 15, 18),
	(271, 15, 16),
	(272, 15, 14),
	(273, 15, 12),
	(274, 15, 10),
	(275, 15, 8),
	(276, 15, 6),
	(277, 15, 4),
	(278, 15, 2),
	(279, 15, 1),
	(280, 15, 3),
	(281, 15, 5),
	(282, 15, 7),
	(283, 15, 9),
	(284, 15, 11),
	(285, 15, 13),
	(286, 15, 15),
	(287, 15, 17),
	(288, 16, 26),
	(289, 16, 24),
	(290, 16, 22),
	(291, 16, 20),
	(292, 16, 18),
	(293, 16, 16),
	(294, 16, 14),
	(295, 16, 12),
	(296, 16, 10),
	(297, 16, 8),
	(298, 16, 6),
	(299, 16, 4),
	(300, 16, 2),
	(301, 16, 1),
	(302, 16, 3),
	(303, 16, 5),
	(304, 16, 7),
	(305, 16, 9),
	(306, 16, 11),
	(307, 16, 13),
	(308, 16, 15),
	(309, 16, 17),
	(310, 17, 26),
	(311, 17, 24),
	(312, 17, 22),
	(313, 17, 20),
	(314, 17, 18),
	(315, 17, 16),
	(316, 17, 14),
	(317, 17, 12),
	(318, 17, 10),
	(319, 17, 8),
	(320, 17, 6),
	(321, 17, 4),
	(322, 17, 2),
	(323, 17, 1),
	(324, 17, 3),
	(325, 17, 5),
	(326, 17, 7),
	(327, 17, 9),
	(328, 17, 11),
	(329, 17, 13),
	(330, 17, 15),
	(331, 17, 17),
	(332, 18, 26),
	(333, 18, 24),
	(334, 18, 22),
	(335, 18, 20),
	(336, 18, 18),
	(337, 18, 16),
	(338, 18, 14),
	(339, 18, 12),
	(340, 18, 10),
	(341, 18, 8),
	(342, 18, 6),
	(343, 18, 4),
	(344, 18, 2),
	(345, 18, 1),
	(346, 18, 3),
	(347, 18, 5),
	(348, 18, 7),
	(349, 18, 9),
	(350, 18, 11),
	(351, 18, 13),
	(352, 18, 15),
	(353, 18, 17),
	(354, 19, 26),
	(355, 19, 24),
	(356, 19, 22),
	(357, 19, 20),
	(358, 19, 18),
	(359, 19, 16),
	(360, 19, 14),
	(361, 19, 12),
	(362, 19, 10),
	(363, 19, 8),
	(364, 19, 6),
	(365, 19, 4),
	(366, 19, 2),
	(367, 19, 0),
	(368, 19, 19),
	(369, 19, 1),
	(370, 19, 3),
	(371, 19, 5),
	(372, 19, 7),
	(373, 19, 9),
	(374, 19, 11),
	(375, 19, 13),
	(376, 19, 15),
	(377, 19, 17),
	(378, 20, 20),
	(379, 20, 18),
	(380, 20, 16),
	(381, 20, 14),
	(382, 20, 12),
	(383, 20, 10),
	(384, 20, 8),
	(385, 20, 6),
	(386, 20, 4),
	(387, 20, 2),
	(388, 20, 1),
	(389, 20, 3),
	(390, 20, 5),
	(391, 20, 7),
	(392, 20, 9),
	(393, 20, 11),
	(394, 20, 13),
	(395, 20, 15),
	(396, 21, 20),
	(397, 21, 18),
	(398, 21, 16),
	(399, 21, 14),
	(400, 21, 12),
	(401, 21, 10),
	(402, 21, 8),
	(403, 21, 6),
	(404, 21, 4),
	(405, 21, 2),
	(406, 21, 1),
	(407, 21, 3),
	(408, 21, 5),
	(409, 21, 7),
	(410, 21, 9),
	(411, 21, 11),
	(412, 21, 13),
	(413, 21, 15),
	(414, 22, 20),
	(415, 22, 18),
	(416, 22, 16),
	(417, 22, 14),
	(418, 22, 12),
	(419, 22, 10),
	(420, 22, 8),
	(421, 22, 6),
	(422, 22, 4),
	(423, 22, 2),
	(424, 22, 1),
	(425, 22, 3),
	(426, 22, 5),
	(427, 22, 7),
	(428, 22, 9),
	(429, 22, 11),
	(430, 22, 13),
	(431, 22, 15),
	(432, 23, 20),
	(433, 23, 18),
	(434, 23, 16),
	(435, 23, 14),
	(436, 23, 12),
	(437, 23, 10),
	(438, 23, 8),
	(439, 23, 6),
	(440, 23, 4),
	(441, 23, 2),
	(442, 23, 17),
	(443, 23, 19),
	(444, 23, 21),
	(445, 23, 23),
	(446, 23, 1),
	(447, 23, 3),
	(448, 23, 5),
	(449, 23, 7),
	(450, 23, 9),
	(451, 23, 11),
	(452, 23, 13),
	(453, 23, 15),
	(454, 24, 20),
	(455, 24, 18),
	(456, 24, 16),
	(457, 24, 14),
	(458, 24, 12),
	(459, 24, 10),
	(460, 24, 8),
	(461, 24, 5),
	(462, 24, 7),
	(463, 24, 9),
	(464, 24, 11),
	(465, 24, 13),
	(466, 24, 15);
/*!40000 ALTER TABLE `butacas` ENABLE KEYS */;

-- Volcando estructura para tabla cdc.butacassesion
CREATE TABLE IF NOT EXISTS `butacassesion` (
  `idButaca` int(11) NOT NULL AUTO_INCREMENT,
  `idActividad` int(11) NOT NULL DEFAULT '0',
  `idSesion` int(11) NOT NULL DEFAULT '0',
  `idEstado` int(11) NOT NULL DEFAULT '0',
  `Motivo` varchar(100) DEFAULT '0',
  `FechaEstado` datetime DEFAULT CURRENT_TIMESTAMP,
  PRIMARY KEY (`idButaca`,`idActividad`,`idSesion`),
  KEY `FK_butacassesion_sesiones` (`idActividad`,`idSesion`),
  CONSTRAINT `FK_butacassesion_butacas` FOREIGN KEY (`idButaca`) REFERENCES `butacas` (`idButaca`),
  CONSTRAINT `FK_butacassesion_sesiones` FOREIGN KEY (`idActividad`, `idSesion`) REFERENCES `sesiones` (`idActividad`, `idSesion`)
) ENGINE=InnoDB AUTO_INCREMENT=467 DEFAULT CHARSET=utf8 COMMENT='Aqui veremos si uns butaca está libre, vendida, reservada o incluso que no se pueda vender. Si la butaca no está en la lista es que está libre.';

-- Volcando datos para la tabla cdc.butacassesion: ~1.111 rows (aproximadamente)
/*!40000 ALTER TABLE `butacassesion` DISABLE KEYS */;
INSERT IGNORE INTO `butacassesion` (`idButaca`, `idActividad`, `idSesion`, `idEstado`, `Motivo`, `FechaEstado`) VALUES
	(1, 3, 1, 2, '0', '2017-03-02 14:18:56'),
	(1, 4, 1, 2, '0', '2017-03-23 09:05:02'),
	(1, 4, 2, 1, '0', '2017-03-08 14:03:31'),
	(1, 4, 3, 1, '0', '2017-04-05 08:33:47'),
	(1, 4, 4, 2, '0', '2017-04-07 14:21:37'),
	(2, 3, 1, 2, '0', '2017-03-21 12:25:16'),
	(2, 4, 1, 2, '0', '2017-03-08 10:47:02'),
	(2, 4, 3, 1, '0', '2017-04-05 08:33:47'),
	(2, 4, 4, 2, '0', '2017-04-07 14:21:37'),
	(3, 3, 1, 2, '0', '2017-03-21 12:25:16'),
	(3, 4, 1, 2, '0', '2017-03-08 10:47:02'),
	(3, 4, 3, 2, '0', '2017-04-05 08:33:47'),
	(3, 4, 4, 2, '0', '2017-04-07 14:21:37'),
	(4, 3, 1, 2, '0', '2017-03-21 12:25:16'),
	(4, 4, 1, 2, '0', '2017-03-08 10:47:02'),
	(4, 4, 3, 1, '0', '2017-04-05 08:33:47'),
	(4, 4, 4, 2, '0', '2017-04-07 14:21:37'),
	(5, 3, 1, 2, '0', '2017-03-21 12:25:16'),
	(5, 4, 1, 2, '0', '2017-03-08 10:47:03'),
	(5, 4, 3, 2, '0', '2017-04-05 08:33:48'),
	(5, 4, 4, 2, '0', '2017-04-07 14:21:37'),
	(6, 3, 1, 2, '0', '2017-03-21 12:25:16'),
	(6, 4, 1, 2, '0', '2017-03-08 10:47:03'),
	(6, 4, 3, 2, '0', '2017-04-05 08:33:48'),
	(6, 4, 4, 2, '0', '2017-04-07 14:21:37'),
	(7, 3, 1, 2, '0', '2017-03-21 12:25:16'),
	(7, 4, 1, 2, '0', '2017-03-08 10:47:03'),
	(7, 4, 3, 2, '0', '2017-04-05 08:33:48'),
	(7, 4, 4, 2, '0', '2017-04-07 14:21:37'),
	(8, 3, 1, 2, '0', '2017-03-21 12:25:16'),
	(8, 4, 1, 2, '0', '2017-03-08 10:47:03'),
	(8, 4, 3, 2, '0', '2017-04-05 08:33:48'),
	(8, 4, 4, 2, '0', '2017-04-07 14:21:37'),
	(9, 3, 1, 2, '0', '2017-03-21 12:24:56'),
	(9, 4, 1, 2, '0', '2017-03-08 10:47:03'),
	(9, 4, 3, 1, '0', '2017-04-05 08:33:48'),
	(9, 4, 4, 2, 'Alberto', '2017-04-07 14:23:57'),
	(10, 3, 1, 2, '0', '2017-03-21 12:24:57'),
	(10, 4, 1, 2, '0', '2017-03-08 10:47:03'),
	(10, 4, 3, 1, '0', '2017-04-05 08:33:48'),
	(10, 4, 4, 2, 'Alberto', '2017-04-07 14:23:57'),
	(11, 3, 1, 2, '0', '2017-03-21 12:24:57'),
	(11, 4, 1, 2, '0', '2017-03-08 10:47:03'),
	(11, 4, 3, 1, '0', '2017-04-05 08:33:48'),
	(11, 4, 4, 2, 'Alberto', '2017-04-07 14:23:57'),
	(12, 3, 1, 2, '0', '2017-03-21 12:24:57'),
	(12, 4, 1, 2, '0', '2017-03-08 10:47:03'),
	(12, 4, 3, 1, '0', '2017-04-05 08:33:48'),
	(12, 4, 4, 2, 'Alberto', '2017-04-07 14:23:57'),
	(13, 3, 1, 2, '0', '2017-03-21 12:24:57'),
	(13, 4, 1, 2, '0', '2017-03-08 10:47:03'),
	(13, 4, 3, 1, '0', '2017-04-05 08:33:48'),
	(13, 4, 4, 3, 'Alberto', '2017-04-07 14:23:57'),
	(14, 3, 1, 2, '0', '2017-03-21 12:24:57'),
	(14, 4, 1, 2, '0', '2017-03-08 10:47:03'),
	(14, 4, 3, 1, '0', '2017-04-05 08:33:48'),
	(15, 3, 1, 2, '0', '2017-03-21 12:24:57'),
	(15, 4, 1, 2, '0', '2017-03-08 10:47:03'),
	(15, 4, 3, 1, '0', '2017-04-05 08:33:48'),
	(16, 3, 1, 2, '0', '2017-03-21 12:24:57'),
	(16, 4, 1, 2, '0', '2017-03-08 10:47:03'),
	(16, 4, 3, 1, '0', '2017-04-05 08:33:48'),
	(17, 3, 1, 2, '0', '2017-03-21 12:24:57'),
	(17, 4, 1, 2, '0', '2017-03-08 10:47:03'),
	(17, 4, 3, 1, '0', '2017-04-05 08:33:48'),
	(18, 3, 1, 2, '0', '2017-03-21 12:25:17'),
	(18, 4, 1, 2, '0', '2017-03-08 10:47:03'),
	(18, 4, 3, 2, '0', '2017-04-10 14:35:38'),
	(19, 3, 1, 2, '0', '2017-03-21 12:25:17'),
	(19, 4, 1, 2, '0', '2017-03-08 10:47:03'),
	(19, 4, 3, 2, '0', '2017-04-05 08:33:48'),
	(20, 3, 1, 2, '0', '2017-03-21 12:25:17'),
	(20, 4, 1, 5, '0', '2017-03-08 10:47:03'),
	(20, 4, 3, 2, '0', '2017-04-05 08:33:49'),
	(21, 3, 1, 6, '0', '2017-03-06 10:55:29'),
	(21, 4, 1, 5, '0', '2017-03-08 10:47:03'),
	(21, 4, 3, 2, '0', '2017-04-05 08:33:49'),
	(21, 4, 4, 2, '0', '2017-04-07 14:22:39'),
	(22, 3, 1, 2, '0', '2017-03-21 12:25:17'),
	(22, 4, 1, 5, '0', '2017-03-08 10:47:03'),
	(22, 4, 3, 2, '0', '2017-04-05 08:33:49'),
	(22, 4, 4, 2, '0', '2017-04-07 14:22:39'),
	(23, 3, 1, 2, '0', '2017-03-21 12:25:17'),
	(23, 4, 1, 5, '0', '2017-03-08 10:47:03'),
	(23, 4, 3, 2, '0', '2017-04-05 08:33:49'),
	(23, 4, 4, 2, '0', '2017-04-07 14:22:39'),
	(24, 3, 1, 2, '0', '2017-03-21 12:25:16'),
	(24, 4, 1, 5, '0', '2017-03-08 10:47:03'),
	(24, 4, 3, 2, '0', '2017-04-05 08:33:49'),
	(24, 4, 4, 2, '0', '2017-04-07 14:22:39'),
	(25, 3, 1, 5, '0', '2017-03-07 11:45:45'),
	(25, 4, 1, 5, '0', '2017-03-08 10:47:03'),
	(25, 4, 3, 2, '0', '2017-04-05 08:33:49'),
	(25, 4, 4, 2, '0', '2017-04-07 14:22:39'),
	(26, 3, 1, 2, '0', '2017-03-07 11:50:17'),
	(26, 4, 1, 5, '0', '2017-03-08 10:47:03'),
	(26, 4, 3, 2, '0', '2017-04-05 08:33:49'),
	(26, 4, 4, 2, '0', '2017-04-07 14:24:16'),
	(27, 3, 1, 2, '0', '2017-03-07 11:50:18'),
	(27, 4, 1, 5, '0', '2017-03-08 10:47:03'),
	(27, 4, 3, 2, '0', '2017-04-05 08:33:49'),
	(27, 4, 4, 2, '0', '2017-04-07 14:24:16'),
	(28, 3, 1, 2, '0', '2017-03-07 11:50:18'),
	(28, 4, 1, 5, '0', '2017-03-08 10:47:03'),
	(28, 4, 3, 2, '0', '2017-04-05 08:33:49'),
	(28, 4, 4, 2, '0', '2017-04-07 14:24:17'),
	(29, 3, 1, 2, '0', '2017-03-07 11:50:18'),
	(29, 4, 1, 5, '0', '2017-03-08 10:47:03'),
	(29, 4, 3, 2, '0', '2017-04-05 08:33:49'),
	(29, 4, 4, 3, 'Alberto', '2017-04-10 09:10:08'),
	(30, 3, 1, 4, '0', '2017-03-07 11:50:18'),
	(30, 4, 1, 5, '0', '2017-03-08 10:47:03'),
	(30, 4, 3, 2, '0', '2017-04-05 08:33:49'),
	(30, 4, 4, 3, 'Alberto', '2017-04-10 09:10:08'),
	(31, 3, 1, 4, '0', '2017-03-07 11:50:18'),
	(31, 4, 1, 5, '0', '2017-03-08 10:47:03'),
	(31, 4, 3, 2, '0', '2017-04-05 08:33:49'),
	(32, 3, 1, 5, '0', '2017-03-07 11:50:18'),
	(32, 4, 1, 5, '0', '2017-03-08 10:47:04'),
	(32, 4, 3, 2, '0', '2017-04-05 08:33:49'),
	(33, 3, 1, 2, '0', '2017-03-07 11:50:18'),
	(33, 4, 1, 5, '0', '2017-03-08 10:47:04'),
	(33, 4, 3, 2, '0', '2017-04-05 08:33:49'),
	(34, 3, 1, 6, '0', '2017-03-07 11:50:18'),
	(34, 4, 1, 6, '0', '2017-03-08 10:47:04'),
	(34, 4, 3, 2, '0', '2017-04-10 14:35:39'),
	(35, 3, 1, 2, '0', '2017-03-07 11:50:18'),
	(35, 4, 1, 6, '0', '2017-03-08 10:47:04'),
	(35, 4, 3, 2, '0', '2017-04-10 14:35:39'),
	(36, 3, 1, 2, '0', '2017-03-07 11:50:18'),
	(36, 4, 1, 6, '0', '2017-03-08 10:47:04'),
	(36, 4, 3, 2, '0', '2017-04-10 14:35:39'),
	(37, 3, 1, 2, '0', '2017-03-07 11:50:18'),
	(37, 4, 1, 6, '0', '2017-03-08 10:47:04'),
	(37, 4, 3, 2, '0', '2017-04-10 14:35:39'),
	(38, 3, 1, 2, '0', '2017-03-07 11:50:18'),
	(38, 4, 1, 6, '0', '2017-03-08 10:47:04'),
	(38, 4, 3, 2, '0', '2017-04-10 14:35:39'),
	(39, 3, 1, 4, '0', '2017-03-07 11:50:18'),
	(39, 4, 1, 6, '0', '2017-03-08 10:47:04'),
	(39, 4, 3, 2, '0', '2017-04-10 14:35:39'),
	(39, 4, 4, 1, '0', '2017-04-07 14:23:17'),
	(40, 3, 1, 4, '0', '2017-03-07 11:50:18'),
	(40, 4, 1, 6, '0', '2017-03-08 10:47:04'),
	(40, 4, 3, 2, '0', '2017-04-05 08:33:49'),
	(40, 4, 4, 1, '0', '2017-04-07 14:23:17'),
	(41, 3, 1, 5, '0', '2017-03-07 11:50:18'),
	(41, 4, 1, 6, '0', '2017-03-08 10:47:04'),
	(41, 4, 3, 2, '0', '2017-04-05 08:33:50'),
	(41, 4, 4, 1, '0', '2017-04-07 14:23:17'),
	(42, 3, 1, 2, '0', '2017-03-07 11:50:18'),
	(42, 4, 1, 6, '0', '2017-03-08 10:47:04'),
	(42, 4, 3, 2, '0', '2017-04-05 08:33:50'),
	(42, 4, 4, 1, '0', '2017-04-07 14:23:17'),
	(43, 3, 1, 6, '0', '2017-03-07 11:50:18'),
	(43, 4, 1, 6, '0', '2017-03-08 10:47:04'),
	(43, 4, 3, 2, '0', '2017-04-05 08:33:50'),
	(43, 4, 4, 2, '0', '2017-04-07 14:24:17'),
	(44, 3, 1, 2, '0', '2017-03-07 11:50:18'),
	(44, 4, 1, 6, '0', '2017-03-08 10:47:04'),
	(44, 4, 3, 2, '0', '2017-04-05 08:33:50'),
	(44, 4, 4, 1, '0', '2017-04-07 14:24:17'),
	(45, 3, 1, 2, '0', '2017-03-07 11:50:18'),
	(45, 4, 1, 6, '0', '2017-03-08 10:47:04'),
	(45, 4, 3, 2, '0', '2017-04-05 08:33:50'),
	(46, 3, 1, 2, '0', '2017-03-07 11:50:18'),
	(46, 4, 1, 6, '0', '2017-03-08 10:47:04'),
	(46, 4, 3, 2, '0', '2017-04-10 14:35:40'),
	(47, 3, 1, 2, '0', '2017-03-07 11:50:19'),
	(47, 4, 1, 6, '0', '2017-03-08 10:47:04'),
	(47, 4, 3, 2, '0', '2017-04-10 14:35:40'),
	(48, 3, 1, 4, '0', '2017-03-07 11:50:19'),
	(48, 4, 1, 6, '0', '2017-03-08 10:47:04'),
	(48, 4, 3, 2, '0', '2017-04-10 14:35:40'),
	(49, 3, 1, 4, '0', '2017-03-07 11:50:19'),
	(49, 4, 1, 6, '0', '2017-03-08 10:47:04'),
	(49, 4, 3, 2, '0', '2017-04-10 14:35:40'),
	(50, 3, 1, 5, '0', '2017-03-07 11:50:19'),
	(50, 4, 1, 6, '0', '2017-03-08 10:47:04'),
	(50, 4, 3, 2, '0', '2017-04-10 14:35:40'),
	(51, 3, 1, 2, '0', '2017-03-07 11:50:19'),
	(51, 4, 1, 6, '0', '2017-03-08 10:47:04'),
	(51, 4, 3, 2, '0', '2017-04-10 14:35:40'),
	(52, 3, 1, 6, '0', '2017-03-07 11:50:19'),
	(52, 4, 1, 6, '0', '2017-03-08 10:47:04'),
	(52, 4, 3, 2, '0', '2017-04-10 14:35:40'),
	(53, 3, 1, 2, '0', '2017-03-07 11:50:19'),
	(53, 4, 1, 6, '0', '2017-03-08 10:47:04'),
	(53, 4, 3, 2, '0', '2017-04-10 14:35:40'),
	(54, 3, 1, 2, '0', '2017-03-07 11:50:19'),
	(54, 4, 1, 2, '0', '2017-03-08 10:47:04'),
	(54, 4, 3, 2, '0', '2017-04-10 14:35:40'),
	(55, 3, 1, 2, '0', '2017-03-07 11:50:19'),
	(55, 4, 1, 2, '0', '2017-03-08 10:47:04'),
	(55, 4, 3, 2, '0', '2017-04-10 14:35:40'),
	(56, 3, 1, 2, '0', '2017-03-07 11:50:19'),
	(56, 4, 1, 2, '0', '2017-03-08 10:47:04'),
	(56, 4, 3, 2, '0', '2017-04-10 14:35:40'),
	(56, 4, 4, 5, 'Autoridades', '2017-04-07 14:23:29'),
	(57, 3, 1, 4, '0', '2017-03-07 11:50:19'),
	(57, 4, 1, 2, '0', '2017-03-08 10:47:05'),
	(57, 4, 3, 2, '0', '2017-04-10 14:35:40'),
	(57, 4, 4, 5, 'Autoridades', '2017-04-07 14:23:29'),
	(58, 3, 1, 4, '0', '2017-03-07 11:50:19'),
	(58, 4, 1, 2, '0', '2017-03-08 10:47:05'),
	(58, 4, 3, 2, '0', '2017-04-10 14:35:40'),
	(58, 4, 4, 5, 'Autoridades', '2017-04-07 14:23:29'),
	(59, 3, 1, 5, '0', '2017-03-07 11:50:19'),
	(59, 4, 1, 2, '0', '2017-03-08 10:47:05'),
	(59, 4, 3, 2, '0', '2017-04-05 08:33:50'),
	(59, 4, 4, 5, 'Autoridades', '2017-04-07 14:23:29'),
	(60, 3, 1, 2, '0', '2017-03-07 11:50:19'),
	(60, 4, 1, 2, '0', '2017-03-08 10:47:05'),
	(60, 4, 3, 2, '0', '2017-04-05 08:33:50'),
	(60, 4, 4, 5, 'Autoridades', '2017-04-07 14:23:29'),
	(61, 3, 1, 6, '0', '2017-03-07 11:50:19'),
	(61, 4, 1, 2, '0', '2017-03-08 10:47:05'),
	(61, 4, 3, 2, '0', '2017-04-05 08:33:50'),
	(61, 4, 4, 1, '0', '2017-04-07 14:24:44'),
	(62, 3, 1, 2, '0', '2017-03-07 11:50:19'),
	(62, 4, 1, 2, '0', '2017-03-08 10:47:05'),
	(62, 4, 3, 2, '0', '2017-04-05 08:33:50'),
	(62, 4, 4, 1, '0', '2017-04-07 14:24:44'),
	(63, 3, 1, 2, '0', '2017-03-07 11:50:19'),
	(63, 4, 1, 2, '0', '2017-03-08 10:47:05'),
	(63, 4, 3, 2, '0', '2017-04-10 14:35:41'),
	(64, 3, 1, 2, '0', '2017-03-07 11:50:19'),
	(64, 4, 1, 2, '0', '2017-03-08 10:47:05'),
	(64, 4, 3, 2, '0', '2017-04-10 14:35:41'),
	(65, 3, 1, 2, '0', '2017-03-07 11:50:19'),
	(65, 4, 1, 2, '0', '2017-03-08 10:47:05'),
	(65, 4, 3, 2, '0', '2017-04-10 14:35:41'),
	(66, 3, 1, 4, '0', '2017-03-07 11:50:19'),
	(66, 4, 1, 2, '0', '2017-03-08 10:47:05'),
	(66, 4, 3, 2, '0', '2017-04-10 14:35:41'),
	(67, 3, 1, 4, '0', '2017-03-07 11:50:19'),
	(67, 4, 1, 2, '0', '2017-03-08 10:47:05'),
	(67, 4, 3, 2, '0', '2017-04-10 14:35:41'),
	(68, 3, 1, 5, '0', '2017-03-07 11:50:19'),
	(68, 4, 1, 2, '0', '2017-03-08 10:47:05'),
	(68, 4, 3, 2, '0', '2017-04-10 14:35:41'),
	(69, 3, 1, 2, '0', '2017-03-07 11:50:19'),
	(69, 4, 1, 2, '0', '2017-03-08 10:47:05'),
	(69, 4, 3, 2, '0', '2017-04-10 14:35:41'),
	(70, 3, 1, 6, '0', '2017-03-07 11:50:19'),
	(70, 4, 1, 2, '0', '2017-03-08 10:47:05'),
	(70, 4, 3, 2, '0', '2017-04-10 14:35:41'),
	(71, 3, 1, 2, '0', '2017-03-07 11:50:19'),
	(71, 4, 1, 2, '0', '2017-03-08 10:47:05'),
	(71, 4, 3, 2, '0', '2017-04-10 14:35:41'),
	(72, 3, 1, 2, '0', '2017-03-07 11:50:20'),
	(72, 4, 1, 5, '0', '2017-03-08 10:47:05'),
	(72, 4, 3, 2, '0', '2017-04-10 14:35:41'),
	(73, 3, 1, 2, '0', '2017-03-07 11:50:20'),
	(73, 4, 1, 5, '0', '2017-03-08 10:47:05'),
	(73, 4, 3, 2, '0', '2017-04-10 14:35:41'),
	(74, 3, 1, 2, '0', '2017-03-07 11:50:20'),
	(74, 4, 1, 5, '0', '2017-03-08 10:47:05'),
	(74, 4, 3, 2, '0', '2017-04-10 14:35:41'),
	(75, 3, 1, 4, '0', '2017-03-07 11:50:20'),
	(75, 4, 1, 5, '0', '2017-03-08 10:47:05'),
	(75, 4, 3, 2, '0', '2017-04-10 14:35:41'),
	(75, 4, 4, 5, 'CORAL INVITADA', '2017-04-07 14:23:39'),
	(76, 3, 1, 4, '0', '2017-03-07 11:50:20'),
	(76, 4, 1, 5, '0', '2017-03-08 10:47:05'),
	(76, 4, 3, 2, '0', '2017-04-10 14:35:41'),
	(76, 4, 4, 5, 'CORAL INVITADA', '2017-04-07 14:23:39'),
	(77, 3, 1, 5, '0', '2017-03-07 11:50:20'),
	(77, 4, 1, 5, '0', '2017-03-08 10:47:05'),
	(77, 4, 3, 2, '0', '2017-04-05 08:33:50'),
	(77, 4, 4, 5, 'CORAL INVITADA', '2017-04-07 14:23:39'),
	(78, 3, 1, 2, '0', '2017-03-07 11:50:20'),
	(78, 4, 1, 5, '0', '2017-03-08 10:47:05'),
	(78, 4, 3, 2, '0', '2017-04-05 08:33:50'),
	(78, 4, 4, 5, 'CORAL INVITADA', '2017-04-07 14:23:39'),
	(79, 3, 1, 6, '0', '2017-03-07 11:50:20'),
	(79, 4, 1, 5, '0', '2017-03-08 10:47:05'),
	(79, 4, 3, 2, '0', '2017-04-05 08:33:51'),
	(80, 3, 1, 2, '0', '2017-03-07 11:50:20'),
	(80, 4, 1, 5, '0', '2017-03-08 10:47:05'),
	(80, 4, 3, 2, '0', '2017-04-05 08:33:51'),
	(81, 3, 1, 2, '0', '2017-03-07 11:50:20'),
	(81, 4, 1, 5, '0', '2017-03-08 10:47:06'),
	(81, 4, 3, 2, '0', '2017-04-10 14:35:42'),
	(82, 3, 1, 2, '0', '2017-03-07 11:50:20'),
	(82, 4, 1, 5, '0', '2017-03-08 10:47:06'),
	(82, 4, 3, 2, '0', '2017-04-10 14:35:42'),
	(83, 3, 1, 2, '0', '2017-03-07 11:50:20'),
	(83, 4, 1, 5, '0', '2017-03-08 10:47:06'),
	(83, 4, 3, 2, '0', '2017-04-10 14:35:42'),
	(84, 3, 1, 4, '0', '2017-03-07 11:50:20'),
	(84, 4, 1, 5, '0', '2017-03-08 10:47:06'),
	(84, 4, 3, 2, '0', '2017-04-10 14:35:42'),
	(85, 3, 1, 4, '0', '2017-03-07 11:50:20'),
	(85, 4, 1, 5, '0', '2017-03-08 10:47:06'),
	(85, 4, 3, 2, '0', '2017-04-10 14:35:42'),
	(86, 3, 1, 5, '0', '2017-03-07 11:50:20'),
	(86, 4, 1, 6, '0', '2017-03-08 10:47:06'),
	(86, 4, 3, 2, '0', '2017-04-10 14:35:42'),
	(87, 3, 1, 2, '0', '2017-03-07 11:50:20'),
	(87, 4, 1, 6, '0', '2017-03-08 10:47:06'),
	(87, 4, 3, 2, '0', '2017-04-10 14:35:42'),
	(88, 3, 1, 6, '0', '2017-03-07 11:50:20'),
	(88, 4, 1, 6, '0', '2017-03-08 10:47:06'),
	(88, 4, 3, 3, 'Por algo', '2017-04-10 15:01:43'),
	(89, 3, 1, 2, '0', '2017-03-07 11:50:20'),
	(89, 4, 1, 6, '0', '2017-03-08 10:47:06'),
	(89, 4, 3, 3, 'Por algo', '2017-04-10 15:01:43'),
	(90, 3, 1, 2, '0', '2017-03-07 11:50:20'),
	(90, 4, 1, 6, '0', '2017-03-08 10:47:06'),
	(90, 4, 3, 3, 'Por algo', '2017-04-10 15:01:43'),
	(91, 3, 1, 2, '0', '2017-03-07 11:50:20'),
	(91, 4, 1, 6, '0', '2017-03-08 10:47:06'),
	(91, 4, 3, 1, 'Juan', '2017-04-05 08:34:04'),
	(92, 3, 1, 2, '0', '2017-03-07 11:50:20'),
	(92, 4, 1, 6, '0', '2017-03-08 10:47:06'),
	(92, 4, 3, 1, 'Juan', '2017-04-05 08:34:04'),
	(93, 3, 1, 4, '0', '2017-03-07 11:50:20'),
	(93, 4, 1, 6, '0', '2017-03-08 10:47:06'),
	(93, 4, 3, 1, 'Juan', '2017-04-05 08:34:04'),
	(94, 3, 1, 4, '0', '2017-03-07 11:50:21'),
	(94, 4, 1, 6, '0', '2017-03-08 10:47:06'),
	(94, 4, 3, 1, 'Juan', '2017-04-05 08:34:04'),
	(95, 3, 1, 5, '0', '2017-03-07 11:50:21'),
	(95, 4, 1, 6, '0', '2017-03-08 10:47:06'),
	(95, 4, 3, 1, 'Juan', '2017-04-05 08:34:04'),
	(96, 3, 1, 2, '0', '2017-03-07 11:50:21'),
	(96, 4, 1, 6, '0', '2017-03-08 10:47:06'),
	(96, 4, 3, 1, 'Juan', '2017-04-05 08:34:04'),
	(97, 3, 1, 6, '0', '2017-03-07 11:50:21'),
	(97, 4, 1, 6, '0', '2017-03-08 10:47:06'),
	(98, 3, 1, 2, '0', '2017-03-07 11:50:21'),
	(98, 4, 1, 6, '0', '2017-03-08 10:47:06'),
	(99, 3, 1, 2, '0', '2017-03-07 11:50:21'),
	(99, 4, 1, 6, '0', '2017-03-08 10:47:06'),
	(100, 3, 1, 2, '0', '2017-03-07 11:50:21'),
	(100, 4, 1, 6, '0', '2017-03-08 10:47:06'),
	(101, 3, 1, 2, '0', '2017-03-07 11:50:21'),
	(101, 4, 1, 6, '0', '2017-03-08 10:47:06'),
	(102, 3, 1, 4, '0', '2017-03-07 11:50:21'),
	(102, 4, 1, 6, '0', '2017-03-08 10:47:06'),
	(103, 3, 1, 4, '0', '2017-03-07 11:50:21'),
	(103, 4, 1, 6, '0', '2017-03-08 10:47:06'),
	(104, 3, 1, 5, '0', '2017-03-07 11:50:21'),
	(104, 4, 1, 6, '0', '2017-03-08 10:47:06'),
	(105, 3, 1, 2, '0', '2017-03-07 11:50:21'),
	(105, 4, 1, 6, '0', '2017-03-08 10:47:07'),
	(106, 3, 1, 6, '0', '2017-03-07 11:50:21'),
	(106, 4, 1, 2, '0', '2017-03-08 10:47:07'),
	(107, 3, 1, 2, '0', '2017-03-07 11:50:21'),
	(107, 4, 1, 2, '0', '2017-03-08 10:47:07'),
	(108, 3, 1, 2, '0', '2017-03-07 11:50:21'),
	(108, 4, 1, 2, '0', '2017-03-08 10:47:07'),
	(109, 3, 1, 2, '0', '2017-03-07 11:50:21'),
	(109, 4, 1, 2, '0', '2017-03-08 10:47:07'),
	(110, 3, 1, 2, '0', '2017-03-07 11:50:21'),
	(110, 4, 1, 2, '0', '2017-03-08 10:47:07'),
	(110, 4, 3, 1, 'Alfredo', '2017-04-05 08:34:15'),
	(111, 3, 1, 4, '0', '2017-03-07 11:50:21'),
	(111, 4, 1, 2, '0', '2017-03-08 10:47:07'),
	(111, 4, 3, 1, 'Alfredo', '2017-04-05 08:34:15'),
	(112, 3, 1, 4, '0', '2017-03-07 11:50:21'),
	(112, 4, 1, 2, '0', '2017-03-08 10:47:07'),
	(112, 4, 3, 1, 'Alfredo', '2017-04-05 08:34:15'),
	(113, 3, 1, 5, '0', '2017-03-07 11:50:21'),
	(113, 4, 1, 2, '0', '2017-03-08 10:47:07'),
	(113, 4, 3, 1, 'Alfredo', '2017-04-05 08:34:15'),
	(114, 3, 1, 2, '0', '2017-03-07 11:50:21'),
	(114, 4, 1, 2, '0', '2017-03-08 10:47:07'),
	(114, 4, 3, 1, 'Alfredo', '2017-04-05 08:34:15'),
	(115, 3, 1, 6, '0', '2017-03-07 11:50:21'),
	(115, 4, 1, 2, '0', '2017-03-08 10:47:07'),
	(116, 3, 1, 2, '0', '2017-03-07 11:50:21'),
	(116, 4, 1, 2, '0', '2017-03-08 10:47:07'),
	(117, 3, 1, 2, '0', '2017-03-07 11:50:21'),
	(117, 4, 1, 2, '0', '2017-03-08 10:47:07'),
	(118, 3, 1, 2, '0', '2017-03-07 11:50:21'),
	(118, 4, 1, 2, '0', '2017-03-08 10:47:07'),
	(119, 3, 1, 2, '0', '2017-03-07 11:50:21'),
	(119, 4, 1, 2, '0', '2017-03-08 10:47:07'),
	(120, 3, 1, 4, '0', '2017-03-07 11:50:22'),
	(120, 4, 1, 2, '0', '2017-03-08 10:47:07'),
	(121, 3, 1, 4, '0', '2017-03-07 11:50:22'),
	(121, 4, 1, 2, '0', '2017-03-08 10:47:07'),
	(122, 3, 1, 5, '0', '2017-03-07 11:50:22'),
	(122, 4, 1, 2, '0', '2017-03-08 10:47:07'),
	(123, 3, 1, 2, '0', '2017-03-07 11:50:22'),
	(123, 4, 1, 2, '0', '2017-03-08 10:47:07'),
	(124, 3, 1, 6, '0', '2017-03-07 11:50:22'),
	(124, 4, 1, 5, '0', '2017-03-08 10:47:07'),
	(125, 3, 1, 2, '0', '2017-03-07 11:50:22'),
	(125, 4, 1, 5, '0', '2017-03-08 10:47:07'),
	(126, 3, 1, 2, '0', '2017-03-07 11:50:22'),
	(126, 4, 1, 5, '0', '2017-03-08 10:47:07'),
	(126, 4, 3, 1, '0', '2017-04-05 11:15:05'),
	(127, 3, 1, 2, '0', '2017-03-07 11:50:22'),
	(127, 4, 1, 5, '0', '2017-03-08 10:47:07'),
	(127, 4, 3, 1, '0', '2017-04-05 08:34:52'),
	(128, 3, 1, 2, '0', '2017-03-07 11:50:22'),
	(128, 4, 1, 5, '0', '2017-03-08 10:47:08'),
	(128, 4, 3, 1, '0', '2017-04-05 08:34:52'),
	(129, 3, 1, 4, '0', '2017-03-07 11:50:22'),
	(129, 4, 1, 5, '0', '2017-03-08 10:47:08'),
	(129, 4, 3, 1, 'Coral San Jose', '2017-04-05 08:34:52'),
	(130, 3, 1, 4, '0', '2017-03-07 11:50:22'),
	(130, 4, 1, 5, '0', '2017-03-08 10:47:08'),
	(130, 4, 3, 1, 'Coral San Jose', '2017-04-05 08:34:52'),
	(131, 3, 1, 5, '0', '2017-03-07 11:50:22'),
	(131, 4, 1, 5, '0', '2017-03-08 10:47:08'),
	(131, 4, 3, 1, 'Coral San Jose', '2017-04-05 08:34:52'),
	(132, 3, 1, 2, '0', '2017-03-07 11:50:22'),
	(132, 4, 1, 5, '0', '2017-03-08 10:47:08'),
	(132, 4, 3, 1, 'Coral San Jose', '2017-04-05 08:34:52'),
	(133, 3, 1, 6, '0', '2017-03-07 11:50:22'),
	(133, 4, 1, 5, '0', '2017-03-08 10:47:08'),
	(133, 4, 3, 1, 'Gabriel', '2017-04-05 10:15:00'),
	(134, 3, 1, 2, '0', '2017-03-07 11:50:22'),
	(134, 4, 1, 5, '0', '2017-03-08 10:47:08'),
	(134, 4, 3, 1, 'Gabriel', '2017-04-05 10:15:01'),
	(135, 3, 1, 2, '0', '2017-03-07 11:50:22'),
	(135, 4, 1, 5, '0', '2017-03-08 10:47:08'),
	(135, 4, 3, 1, 'Gabriel', '2017-04-05 10:15:01'),
	(136, 3, 1, 2, '0', '2017-03-07 11:50:22'),
	(136, 4, 1, 5, '0', '2017-03-08 10:47:08'),
	(136, 4, 3, 1, 'Gabriel', '2017-04-05 10:15:01'),
	(137, 3, 1, 2, '0', '2017-03-07 11:50:22'),
	(137, 4, 1, 5, '0', '2017-03-08 10:47:08'),
	(137, 4, 3, 1, 'Gabriel', '2017-04-05 10:15:01'),
	(138, 3, 1, 4, '0', '2017-03-07 11:50:22'),
	(138, 4, 1, 6, '0', '2017-03-08 10:47:08'),
	(138, 4, 3, 1, 'Gabriel', '2017-04-05 10:15:01'),
	(139, 3, 1, 4, '0', '2017-03-07 11:50:22'),
	(139, 4, 1, 6, '0', '2017-03-08 10:47:08'),
	(140, 3, 1, 5, '0', '2017-03-07 11:50:23'),
	(140, 4, 1, 6, '0', '2017-03-08 10:47:08'),
	(141, 3, 1, 2, '0', '2017-03-07 11:50:23'),
	(141, 4, 1, 6, '0', '2017-03-08 10:47:08'),
	(142, 3, 1, 6, '0', '2017-03-07 11:50:23'),
	(142, 4, 1, 6, '0', '2017-03-08 10:47:08'),
	(142, 4, 3, 1, '0', '2017-04-05 11:05:51'),
	(143, 3, 1, 2, '0', '2017-03-07 11:50:23'),
	(143, 4, 1, 6, '0', '2017-03-08 10:47:08'),
	(143, 4, 3, 1, '0', '2017-04-05 11:05:51'),
	(144, 3, 1, 2, '0', '2017-03-07 11:50:23'),
	(144, 4, 1, 6, '0', '2017-03-08 10:47:08'),
	(144, 4, 3, 1, '0', '2017-04-05 11:05:51'),
	(145, 3, 1, 2, '0', '2017-03-07 11:50:23'),
	(145, 4, 1, 6, '0', '2017-03-08 10:47:08'),
	(145, 4, 3, 1, '0', '2017-04-05 11:05:51'),
	(146, 3, 1, 2, '0', '2017-03-07 11:50:23'),
	(146, 4, 1, 6, '0', '2017-03-08 10:47:08'),
	(146, 4, 3, 1, '0', '2017-04-05 11:05:51'),
	(147, 3, 1, 4, '0', '2017-03-07 11:50:23'),
	(147, 4, 1, 6, '0', '2017-03-08 10:47:08'),
	(147, 4, 3, 1, '0', '2017-04-05 11:05:51'),
	(148, 3, 1, 4, '0', '2017-03-07 11:50:23'),
	(148, 4, 1, 6, '0', '2017-03-08 10:47:08'),
	(148, 4, 3, 1, '0', '2017-04-05 11:05:51'),
	(149, 3, 1, 5, '0', '2017-03-07 11:50:23'),
	(149, 4, 1, 6, '0', '2017-03-08 10:47:08'),
	(149, 4, 3, 1, '0', '2017-04-05 11:03:29'),
	(150, 3, 1, 2, '0', '2017-03-07 11:50:23'),
	(150, 4, 1, 6, '0', '2017-03-08 10:47:08'),
	(150, 4, 3, 1, '0', '2017-04-05 11:03:29'),
	(151, 3, 1, 6, '0', '2017-03-07 11:50:23'),
	(151, 4, 1, 6, '0', '2017-03-08 10:47:09'),
	(151, 4, 3, 1, '0', '2017-04-05 11:03:29'),
	(152, 3, 1, 2, '0', '2017-03-07 11:50:23'),
	(152, 4, 1, 6, '0', '2017-03-08 10:47:09'),
	(152, 4, 3, 1, '0', '2017-04-05 12:45:31'),
	(153, 3, 1, 2, '0', '2017-03-07 11:50:23'),
	(153, 4, 1, 6, '0', '2017-03-08 10:47:09'),
	(153, 4, 3, 1, '0', '2017-04-05 12:45:32'),
	(154, 3, 1, 2, '0', '2017-03-07 11:50:23'),
	(154, 4, 1, 6, '0', '2017-03-08 10:47:09'),
	(154, 4, 3, 1, '0', '2017-04-05 12:45:32'),
	(155, 3, 1, 2, '0', '2017-03-07 11:50:23'),
	(155, 4, 1, 6, '0', '2017-03-08 10:47:09'),
	(155, 4, 3, 1, '0', '2017-04-06 11:44:38'),
	(156, 3, 1, 4, '0', '2017-03-07 11:50:23'),
	(156, 4, 1, 6, '0', '2017-03-08 10:47:09'),
	(156, 4, 3, 1, '0', '2017-04-06 11:44:38'),
	(157, 3, 1, 4, '0', '2017-03-07 11:50:23'),
	(157, 4, 1, 6, '0', '2017-03-08 10:47:09'),
	(157, 4, 3, 1, '0', '2017-04-06 11:44:38'),
	(158, 3, 1, 5, '0', '2017-03-07 11:50:24'),
	(158, 4, 1, 2, '0', '2017-03-08 10:47:09'),
	(159, 3, 1, 2, '0', '2017-03-07 11:50:24'),
	(159, 4, 1, 2, '0', '2017-03-08 10:47:09'),
	(160, 3, 1, 6, '0', '2017-03-07 11:50:24'),
	(160, 4, 1, 2, '0', '2017-03-08 10:47:09'),
	(161, 3, 1, 2, '0', '2017-03-07 11:50:24'),
	(161, 4, 1, 2, '0', '2017-03-08 10:47:09'),
	(161, 4, 3, 1, 'Autoridades', '2017-04-05 08:34:33'),
	(162, 3, 1, 2, '0', '2017-03-07 11:50:24'),
	(162, 4, 1, 2, '0', '2017-03-08 10:47:09'),
	(162, 4, 3, 1, 'Autoridades', '2017-04-05 08:34:33'),
	(163, 3, 1, 2, '0', '2017-03-07 11:50:24'),
	(163, 4, 1, 2, '0', '2017-03-08 10:47:09'),
	(163, 4, 3, 1, 'Autoridades', '2017-04-05 08:34:33'),
	(164, 3, 1, 2, '0', '2017-03-07 11:50:24'),
	(164, 4, 1, 2, '0', '2017-03-08 10:47:09'),
	(164, 4, 3, 1, 'Autoridades', '2017-04-05 08:34:33'),
	(165, 3, 1, 4, '0', '2017-03-07 11:50:24'),
	(165, 4, 1, 2, '0', '2017-03-08 10:47:09'),
	(165, 4, 3, 1, 'Autoridades', '2017-04-05 08:34:33'),
	(166, 3, 1, 4, '0', '2017-03-07 11:50:24'),
	(166, 4, 1, 2, '0', '2017-03-08 10:47:09'),
	(166, 4, 3, 1, 'Autoridades', '2017-04-05 08:34:33'),
	(167, 3, 1, 5, '0', '2017-03-07 11:50:24'),
	(167, 4, 1, 2, '0', '2017-03-08 10:47:09'),
	(167, 4, 3, 1, 'Autoridades', '2017-04-05 08:34:33'),
	(168, 3, 1, 2, '0', '2017-03-07 11:50:24'),
	(168, 4, 1, 2, '0', '2017-03-08 10:47:09'),
	(168, 4, 3, 1, 'Autoridades', '2017-04-05 08:34:33'),
	(169, 3, 1, 6, '0', '2017-03-07 11:50:24'),
	(169, 4, 1, 2, '0', '2017-03-08 10:47:09'),
	(169, 4, 3, 1, 'Autoridades', '2017-04-05 08:34:33'),
	(170, 3, 1, 2, '0', '2017-03-07 11:50:24'),
	(170, 4, 1, 2, '0', '2017-03-08 10:47:09'),
	(170, 4, 3, 1, 'Autoridades', '2017-04-05 08:34:33'),
	(171, 3, 1, 2, '0', '2017-03-07 11:50:24'),
	(171, 4, 1, 2, '0', '2017-03-08 10:47:09'),
	(171, 4, 3, 1, 'Autoridades', '2017-04-05 08:34:33'),
	(172, 3, 1, 2, '0', '2017-03-07 11:50:24'),
	(172, 4, 1, 2, '0', '2017-03-08 10:47:09'),
	(172, 4, 3, 1, 'Autoridades', '2017-04-05 08:34:33'),
	(173, 3, 1, 2, '0', '2017-03-07 11:50:24'),
	(173, 4, 1, 2, '0', '2017-03-08 10:47:09'),
	(174, 3, 1, 4, '0', '2017-03-07 11:50:24'),
	(174, 4, 1, 2, '0', '2017-03-08 10:47:09'),
	(175, 3, 1, 4, '0', '2017-03-07 11:50:24'),
	(175, 4, 1, 2, '0', '2017-03-08 10:47:09'),
	(176, 3, 1, 5, '0', '2017-03-07 11:50:24'),
	(176, 4, 1, 5, '0', '2017-03-08 10:47:09'),
	(177, 3, 1, 2, '0', '2017-03-07 11:50:24'),
	(177, 4, 1, 5, '0', '2017-03-08 10:47:10'),
	(178, 3, 1, 6, '0', '2017-03-07 11:50:24'),
	(178, 4, 1, 5, '0', '2017-03-08 10:47:10'),
	(179, 3, 1, 2, '0', '2017-03-07 11:50:24'),
	(179, 4, 1, 5, '0', '2017-03-08 10:47:10'),
	(180, 3, 1, 2, '0', '2017-03-07 11:50:24'),
	(180, 4, 1, 5, '0', '2017-03-08 10:47:10'),
	(181, 3, 1, 2, '0', '2017-03-07 11:50:24'),
	(181, 4, 1, 5, '0', '2017-03-08 10:47:10'),
	(182, 3, 1, 2, '0', '2017-03-07 11:50:24'),
	(182, 4, 1, 5, '0', '2017-03-08 10:47:10'),
	(183, 3, 1, 4, '0', '2017-03-07 11:50:24'),
	(183, 4, 1, 5, '0', '2017-03-08 10:47:10'),
	(184, 3, 1, 4, '0', '2017-03-07 11:50:25'),
	(184, 4, 1, 5, '0', '2017-03-08 10:47:10'),
	(185, 3, 1, 5, '0', '2017-03-07 11:50:25'),
	(185, 4, 1, 5, '0', '2017-03-08 10:47:10'),
	(186, 3, 1, 2, '0', '2017-03-07 11:50:25'),
	(186, 4, 1, 5, '0', '2017-03-08 10:47:10'),
	(187, 3, 1, 6, '0', '2017-03-07 11:50:25'),
	(187, 4, 1, 5, '0', '2017-03-08 10:47:10'),
	(188, 3, 1, 2, '0', '2017-03-07 11:50:25'),
	(188, 4, 1, 5, '0', '2017-03-08 10:47:10'),
	(189, 3, 1, 2, '0', '2017-03-07 11:50:25'),
	(189, 4, 1, 5, '0', '2017-03-08 10:47:10'),
	(190, 3, 1, 2, '0', '2017-03-07 11:50:25'),
	(190, 4, 1, 6, '0', '2017-03-08 10:47:10'),
	(191, 3, 1, 2, '0', '2017-03-07 11:50:25'),
	(191, 4, 1, 6, '0', '2017-03-08 10:47:10'),
	(192, 3, 1, 4, '0', '2017-03-07 11:50:25'),
	(192, 4, 1, 6, '0', '2017-03-08 10:47:10'),
	(193, 3, 1, 4, '0', '2017-03-07 11:50:25'),
	(193, 4, 1, 6, '0', '2017-03-08 10:47:10'),
	(194, 3, 1, 5, '0', '2017-03-07 11:50:25'),
	(194, 4, 1, 6, '0', '2017-03-08 10:47:10'),
	(195, 3, 1, 2, '0', '2017-03-07 11:50:25'),
	(195, 4, 1, 6, '0', '2017-03-08 10:47:10'),
	(196, 3, 1, 6, '0', '2017-03-07 11:50:25'),
	(196, 4, 1, 6, '0', '2017-03-08 10:47:10'),
	(197, 3, 1, 2, '0', '2017-03-07 11:50:25'),
	(197, 4, 1, 6, '0', '2017-03-08 10:47:10'),
	(198, 3, 1, 2, '0', '2017-03-07 11:50:25'),
	(198, 4, 1, 6, '0', '2017-03-08 10:47:10'),
	(199, 3, 1, 2, '0', '2017-03-07 11:50:25'),
	(199, 4, 1, 6, '0', '2017-03-08 10:47:10'),
	(200, 3, 1, 2, '0', '2017-03-07 11:50:25'),
	(200, 4, 1, 6, '0', '2017-03-08 10:47:10'),
	(201, 3, 1, 4, '0', '2017-03-07 11:50:25'),
	(201, 4, 1, 6, '0', '2017-03-08 10:47:10'),
	(202, 3, 1, 4, '0', '2017-03-07 11:50:25'),
	(202, 4, 1, 6, '0', '2017-03-08 10:47:11'),
	(203, 3, 1, 5, '0', '2017-03-07 11:50:25'),
	(203, 4, 1, 6, '0', '2017-03-08 10:47:11'),
	(204, 3, 1, 2, '0', '2017-03-07 11:50:25'),
	(204, 4, 1, 6, '0', '2017-03-08 10:47:11'),
	(205, 3, 1, 6, '0', '2017-03-07 11:50:25'),
	(205, 4, 1, 6, '0', '2017-03-08 10:47:11'),
	(206, 3, 1, 2, '0', '2017-03-07 11:50:25'),
	(206, 4, 1, 6, '0', '2017-03-08 10:47:11'),
	(207, 3, 1, 2, '0', '2017-03-07 11:50:26'),
	(207, 4, 1, 6, '0', '2017-03-08 10:47:11'),
	(208, 3, 1, 2, '0', '2017-03-07 11:50:26'),
	(208, 4, 1, 6, '0', '2017-03-08 10:47:11'),
	(209, 3, 1, 2, '0', '2017-03-07 11:50:26'),
	(209, 4, 1, 6, '0', '2017-03-08 10:47:11'),
	(210, 3, 1, 4, '0', '2017-03-07 11:50:26'),
	(210, 4, 1, 2, '0', '2017-03-08 10:47:11'),
	(211, 3, 1, 4, '0', '2017-03-07 11:50:26'),
	(211, 4, 1, 2, '0', '2017-03-08 10:47:11'),
	(212, 3, 1, 2, '0', '2017-03-02 15:04:24'),
	(212, 4, 1, 2, '0', '2017-03-08 10:47:11'),
	(213, 3, 1, 2, '0', '2017-03-02 15:04:47'),
	(213, 4, 1, 2, '0', '2017-03-08 10:47:11'),
	(214, 3, 1, 2, '0', '2017-03-21 14:04:55'),
	(214, 4, 1, 2, '0', '2017-03-08 10:47:11'),
	(215, 3, 1, 2, '0', '2017-03-21 14:04:56'),
	(215, 4, 1, 2, '0', '2017-03-08 10:47:11'),
	(216, 3, 1, 2, '0', '2017-03-07 11:52:36'),
	(216, 4, 1, 2, '0', '2017-03-08 10:47:11'),
	(217, 3, 1, 2, '0', '2017-03-07 11:52:36'),
	(217, 4, 1, 2, '0', '2017-03-08 10:47:11'),
	(218, 3, 1, 2, '0', '2017-03-07 11:52:36'),
	(218, 4, 1, 2, '0', '2017-03-08 10:47:11'),
	(219, 3, 1, 2, '0', '2017-03-07 11:52:36'),
	(219, 4, 1, 2, '0', '2017-03-08 10:47:11'),
	(220, 3, 1, 4, '0', '2017-03-07 11:52:36'),
	(220, 4, 1, 2, '0', '2017-03-08 10:47:11'),
	(221, 3, 1, 4, '0', '2017-03-07 11:52:36'),
	(221, 4, 1, 2, '0', '2017-03-08 10:47:11'),
	(222, 3, 1, 5, '0', '2017-03-07 11:52:36'),
	(222, 4, 1, 2, '0', '2017-03-08 10:47:11'),
	(223, 3, 1, 2, '0', '2017-03-07 11:52:36'),
	(223, 4, 1, 2, '0', '2017-03-08 10:47:11'),
	(224, 3, 1, 6, '0', '2017-03-07 11:52:36'),
	(224, 4, 1, 2, '0', '2017-03-08 10:47:11'),
	(225, 3, 1, 2, '0', '2017-03-07 11:52:36'),
	(225, 4, 1, 2, '0', '2017-03-08 10:47:11'),
	(226, 3, 1, 2, '0', '2017-03-07 11:52:36'),
	(226, 4, 1, 2, '0', '2017-03-08 10:47:11'),
	(227, 3, 1, 2, '0', '2017-03-07 11:52:37'),
	(227, 4, 1, 2, '0', '2017-03-08 10:47:11'),
	(228, 3, 1, 2, '0', '2017-03-07 11:52:37'),
	(228, 4, 1, 5, '0', '2017-03-08 10:47:11'),
	(229, 3, 1, 4, '0', '2017-03-07 11:52:37'),
	(229, 4, 1, 5, '0', '2017-03-08 10:47:12'),
	(230, 3, 1, 4, '0', '2017-03-07 11:52:37'),
	(230, 4, 1, 5, '0', '2017-03-08 10:47:12'),
	(231, 3, 1, 5, '0', '2017-03-07 11:52:37'),
	(231, 4, 1, 5, '0', '2017-03-08 10:47:12'),
	(232, 3, 1, 2, '0', '2017-03-07 11:52:37'),
	(232, 4, 1, 5, '0', '2017-03-08 10:47:12'),
	(233, 3, 1, 6, '0', '2017-03-07 11:52:37'),
	(233, 4, 1, 5, '0', '2017-03-08 10:47:12'),
	(234, 3, 1, 2, '0', '2017-03-07 11:52:37'),
	(234, 4, 1, 5, '0', '2017-03-08 10:47:12'),
	(235, 3, 1, 2, '0', '2017-03-07 11:52:37'),
	(235, 4, 1, 5, '0', '2017-03-08 10:47:12'),
	(236, 3, 1, 2, '0', '2017-03-07 11:52:37'),
	(236, 4, 1, 5, '0', '2017-03-08 10:47:12'),
	(237, 3, 1, 2, '0', '2017-03-07 11:52:37'),
	(237, 4, 1, 5, '0', '2017-03-08 10:47:12'),
	(238, 3, 1, 4, '0', '2017-03-07 11:52:37'),
	(238, 4, 1, 5, '0', '2017-03-08 10:47:12'),
	(239, 3, 1, 4, '0', '2017-03-07 11:52:37'),
	(239, 4, 1, 5, '0', '2017-03-08 10:47:12'),
	(240, 3, 1, 5, '0', '2017-03-07 11:52:37'),
	(240, 4, 1, 5, '0', '2017-03-08 10:47:12'),
	(241, 3, 1, 2, '0', '2017-03-07 11:52:37'),
	(241, 4, 1, 5, '0', '2017-03-08 10:47:12'),
	(242, 3, 1, 6, '0', '2017-03-07 11:52:37'),
	(242, 4, 1, 6, '0', '2017-03-08 10:47:12'),
	(243, 3, 1, 2, '0', '2017-03-07 11:52:37'),
	(243, 4, 1, 6, '0', '2017-03-08 10:47:12'),
	(244, 3, 1, 2, '0', '2017-03-07 11:52:37'),
	(244, 4, 1, 6, '0', '2017-03-08 10:47:12'),
	(245, 3, 1, 2, '0', '2017-03-07 11:52:37'),
	(245, 4, 1, 6, '0', '2017-03-08 10:47:12'),
	(246, 3, 1, 2, '0', '2017-03-07 11:52:37'),
	(246, 4, 1, 6, '0', '2017-03-08 10:47:12'),
	(247, 3, 1, 4, '0', '2017-03-07 11:52:38'),
	(247, 4, 1, 6, '0', '2017-03-08 10:47:12'),
	(248, 3, 1, 4, '0', '2017-03-07 11:52:38'),
	(248, 4, 1, 6, '0', '2017-03-08 10:47:12'),
	(249, 3, 1, 5, '0', '2017-03-07 11:52:38'),
	(249, 4, 1, 6, '0', '2017-03-08 10:47:12'),
	(250, 3, 1, 2, '0', '2017-03-07 11:52:38'),
	(250, 4, 1, 6, '0', '2017-03-08 10:47:12'),
	(251, 3, 1, 6, '0', '2017-03-07 11:52:38'),
	(251, 4, 1, 6, '0', '2017-03-08 10:47:12'),
	(252, 3, 1, 2, '0', '2017-03-07 11:52:38'),
	(252, 4, 1, 6, '0', '2017-03-08 10:47:13'),
	(253, 3, 1, 2, '0', '2017-03-07 11:52:38'),
	(253, 4, 1, 6, '0', '2017-03-08 10:47:13'),
	(254, 3, 1, 2, '0', '2017-03-07 11:52:38'),
	(254, 4, 1, 6, '0', '2017-03-08 10:47:13'),
	(255, 3, 1, 2, '0', '2017-03-07 11:52:38'),
	(255, 4, 1, 6, '0', '2017-03-08 10:47:13'),
	(256, 3, 1, 4, '0', '2017-03-07 11:52:38'),
	(256, 4, 1, 6, '0', '2017-03-08 10:47:13'),
	(257, 3, 1, 4, '0', '2017-03-07 11:52:38'),
	(257, 4, 1, 6, '0', '2017-03-08 10:47:13'),
	(258, 3, 1, 5, '0', '2017-03-07 11:52:38'),
	(258, 4, 1, 6, '0', '2017-03-08 10:47:13'),
	(259, 3, 1, 2, '0', '2017-03-07 11:52:38'),
	(259, 4, 1, 6, '0', '2017-03-08 10:47:13'),
	(260, 3, 1, 6, '0', '2017-03-07 11:52:38'),
	(260, 4, 1, 6, '0', '2017-03-08 10:47:13'),
	(261, 3, 1, 2, '0', '2017-03-07 11:52:38'),
	(261, 4, 1, 6, '0', '2017-03-08 10:47:13'),
	(262, 3, 1, 2, '0', '2017-03-07 11:52:38'),
	(262, 4, 1, 2, '0', '2017-03-08 10:47:13'),
	(263, 3, 1, 2, '0', '2017-03-07 11:52:38'),
	(263, 4, 1, 2, '0', '2017-03-08 10:47:13'),
	(264, 3, 1, 2, '0', '2017-03-07 11:52:38'),
	(264, 4, 1, 2, '0', '2017-03-08 10:47:13'),
	(265, 3, 1, 4, '0', '2017-03-07 11:52:38'),
	(265, 4, 1, 2, '0', '2017-03-08 10:47:13'),
	(266, 3, 1, 4, '0', '2017-03-07 11:52:38'),
	(266, 4, 1, 2, '0', '2017-03-08 10:47:13'),
	(267, 3, 1, 5, '0', '2017-03-07 11:52:38'),
	(267, 4, 1, 2, '0', '2017-03-08 10:47:13'),
	(268, 3, 1, 2, '0', '2017-03-07 11:52:38'),
	(268, 4, 1, 2, '0', '2017-03-08 10:47:13'),
	(269, 3, 1, 6, '0', '2017-03-07 11:52:38'),
	(269, 4, 1, 2, '0', '2017-03-08 10:47:13'),
	(270, 3, 1, 2, '0', '2017-03-07 11:52:38'),
	(270, 4, 1, 2, '0', '2017-03-08 10:47:13'),
	(271, 3, 1, 2, '0', '2017-03-07 11:52:38'),
	(271, 4, 1, 2, '0', '2017-03-08 10:47:13'),
	(272, 3, 1, 2, '0', '2017-03-07 11:52:39'),
	(272, 4, 1, 2, '0', '2017-03-08 10:47:13'),
	(273, 3, 1, 2, '0', '2017-03-07 11:52:39'),
	(273, 4, 1, 2, '0', '2017-03-08 10:47:13'),
	(274, 3, 1, 4, '0', '2017-03-07 11:52:39'),
	(274, 4, 1, 2, '0', '2017-03-08 10:47:13'),
	(275, 3, 1, 4, '0', '2017-03-07 11:52:39'),
	(275, 4, 1, 2, '0', '2017-03-08 10:47:13'),
	(276, 3, 1, 5, '0', '2017-03-07 11:52:39'),
	(276, 4, 1, 2, '0', '2017-03-08 10:47:13'),
	(277, 3, 1, 2, '0', '2017-03-07 11:52:39'),
	(277, 4, 1, 2, '0', '2017-03-08 10:47:13'),
	(278, 3, 1, 6, '0', '2017-03-07 11:52:39'),
	(278, 4, 1, 2, '0', '2017-03-08 10:47:13'),
	(279, 3, 1, 2, '0', '2017-03-07 11:52:39'),
	(279, 4, 1, 2, '0', '2017-03-08 10:47:14'),
	(280, 3, 1, 2, '0', '2017-03-07 11:52:39'),
	(280, 4, 1, 5, '0', '2017-03-08 10:47:14'),
	(281, 3, 1, 2, '0', '2017-03-07 11:52:39'),
	(281, 4, 1, 5, '0', '2017-03-08 10:47:14'),
	(282, 3, 1, 2, '0', '2017-03-07 11:52:39'),
	(282, 4, 1, 5, '0', '2017-03-08 10:47:14'),
	(283, 3, 1, 4, '0', '2017-03-07 11:52:39'),
	(283, 4, 1, 5, '0', '2017-03-08 10:47:14'),
	(284, 3, 1, 4, '0', '2017-03-07 11:52:39'),
	(284, 4, 1, 5, '0', '2017-03-08 10:47:14'),
	(285, 3, 1, 5, '0', '2017-03-07 11:52:39'),
	(285, 4, 1, 5, '0', '2017-03-08 10:47:14'),
	(286, 3, 1, 2, '0', '2017-03-07 11:52:39'),
	(286, 4, 1, 5, '0', '2017-03-08 10:47:14'),
	(287, 3, 1, 6, '0', '2017-03-07 11:52:39'),
	(287, 4, 1, 5, '0', '2017-03-08 10:47:14'),
	(288, 3, 1, 2, '0', '2017-03-07 11:52:39'),
	(288, 4, 1, 5, '0', '2017-03-08 10:47:14'),
	(289, 3, 1, 2, '0', '2017-03-07 11:52:39'),
	(289, 4, 1, 5, '0', '2017-03-08 10:47:14'),
	(290, 3, 1, 2, '0', '2017-03-07 11:52:39'),
	(290, 4, 1, 5, '0', '2017-03-08 10:47:14'),
	(291, 3, 1, 2, '0', '2017-03-07 11:52:39'),
	(291, 4, 1, 5, '0', '2017-03-08 10:47:14'),
	(292, 3, 1, 4, '0', '2017-03-07 11:52:39'),
	(292, 4, 1, 5, '0', '2017-03-08 10:47:14'),
	(293, 3, 1, 4, '0', '2017-03-07 11:52:39'),
	(293, 4, 1, 5, '0', '2017-03-08 10:47:14'),
	(294, 3, 1, 5, '0', '2017-03-07 11:52:39'),
	(294, 4, 1, 6, '0', '2017-03-08 10:47:14'),
	(295, 3, 1, 2, '0', '2017-03-07 11:52:39'),
	(295, 4, 1, 6, '0', '2017-03-08 10:47:14'),
	(296, 3, 1, 6, '0', '2017-03-07 11:52:39'),
	(296, 4, 1, 6, '0', '2017-03-08 10:47:14'),
	(297, 3, 1, 2, '0', '2017-03-07 11:52:40'),
	(297, 4, 1, 6, '0', '2017-03-08 10:47:14'),
	(298, 3, 1, 2, '0', '2017-03-07 11:52:40'),
	(298, 4, 1, 6, '0', '2017-03-08 10:47:14'),
	(299, 3, 1, 2, '0', '2017-03-07 11:52:40'),
	(299, 4, 1, 6, '0', '2017-03-08 10:47:14'),
	(300, 3, 1, 2, '0', '2017-03-07 11:52:40'),
	(300, 4, 1, 6, '0', '2017-03-08 10:47:14'),
	(301, 3, 1, 4, '0', '2017-03-07 11:52:40'),
	(301, 4, 1, 6, '0', '2017-03-08 10:47:14'),
	(302, 3, 1, 4, '0', '2017-03-07 11:52:40'),
	(302, 4, 1, 6, '0', '2017-03-08 10:47:14'),
	(303, 3, 1, 5, '0', '2017-03-07 11:52:40'),
	(303, 4, 1, 6, '0', '2017-03-08 10:47:14'),
	(304, 3, 1, 2, '0', '2017-03-07 11:52:40'),
	(304, 4, 1, 6, '0', '2017-03-08 10:47:14'),
	(305, 3, 1, 6, '0', '2017-03-07 11:52:40'),
	(305, 4, 1, 6, '0', '2017-03-08 10:47:14'),
	(306, 3, 1, 2, '0', '2017-03-07 11:52:40'),
	(306, 4, 1, 6, '0', '2017-03-08 10:47:14'),
	(307, 3, 1, 2, '0', '2017-03-07 11:52:40'),
	(307, 4, 1, 6, '0', '2017-03-08 10:47:15'),
	(308, 3, 1, 2, '0', '2017-03-07 11:52:40'),
	(308, 4, 1, 6, '0', '2017-03-08 10:47:15'),
	(309, 3, 1, 2, '0', '2017-03-07 11:52:40'),
	(309, 4, 1, 6, '0', '2017-03-08 10:47:15'),
	(310, 3, 1, 4, '0', '2017-03-07 11:52:40'),
	(310, 4, 1, 6, '0', '2017-03-08 10:47:15'),
	(311, 3, 1, 4, '0', '2017-03-07 11:52:40'),
	(311, 4, 1, 6, '0', '2017-03-08 10:47:15'),
	(312, 3, 1, 5, '0', '2017-03-07 11:52:40'),
	(312, 4, 1, 6, '0', '2017-03-08 10:47:15'),
	(313, 3, 1, 2, '0', '2017-03-07 11:52:40'),
	(313, 4, 1, 6, '0', '2017-03-08 10:47:15'),
	(314, 3, 1, 6, '0', '2017-03-07 11:52:40'),
	(314, 4, 1, 2, '0', '2017-03-08 10:47:15'),
	(315, 3, 1, 2, '0', '2017-03-07 11:52:40'),
	(315, 4, 1, 2, '0', '2017-03-08 10:47:15'),
	(316, 3, 1, 2, '0', '2017-03-07 11:52:40'),
	(316, 4, 1, 2, '0', '2017-03-08 10:47:15'),
	(317, 3, 1, 2, '0', '2017-03-07 11:52:40'),
	(317, 4, 1, 2, '0', '2017-03-08 10:47:15'),
	(318, 3, 1, 2, '0', '2017-03-07 11:52:40'),
	(318, 4, 1, 2, '0', '2017-03-08 10:47:15'),
	(319, 3, 1, 4, '0', '2017-03-07 11:52:40'),
	(319, 4, 1, 2, '0', '2017-03-08 10:47:15'),
	(320, 3, 1, 4, '0', '2017-03-07 11:52:40'),
	(320, 4, 1, 2, '0', '2017-03-08 10:47:15'),
	(321, 3, 1, 5, '0', '2017-03-07 11:52:41'),
	(321, 4, 1, 2, '0', '2017-03-08 10:47:15'),
	(322, 3, 1, 2, '0', '2017-03-07 11:52:41'),
	(322, 4, 1, 2, '0', '2017-03-08 10:47:15'),
	(323, 3, 1, 2, '0', '2017-03-07 11:52:41'),
	(323, 4, 1, 2, '0', '2017-03-08 10:47:15'),
	(324, 3, 1, 2, '0', '2017-03-07 11:52:41'),
	(324, 4, 1, 2, '0', '2017-03-08 10:47:15'),
	(325, 3, 1, 2, '0', '2017-03-07 11:52:41'),
	(325, 4, 1, 2, '0', '2017-03-08 10:47:15'),
	(326, 3, 1, 2, '0', '2017-03-07 11:52:41'),
	(326, 4, 1, 2, '0', '2017-03-08 10:47:15'),
	(327, 3, 1, 2, '0', '2017-03-07 11:52:41'),
	(327, 4, 1, 2, '0', '2017-03-08 10:47:15'),
	(328, 3, 1, 4, '0', '2017-03-07 11:52:41'),
	(328, 4, 1, 2, '0', '2017-03-08 10:47:15'),
	(329, 3, 1, 4, '0', '2017-03-07 11:52:41'),
	(329, 4, 1, 2, '0', '2017-03-08 10:47:15'),
	(330, 3, 1, 5, '0', '2017-03-07 11:52:41'),
	(330, 4, 1, 2, '0', '2017-03-08 10:47:15'),
	(331, 3, 1, 2, '0', '2017-03-07 11:52:41'),
	(331, 4, 1, 2, '0', '2017-03-08 10:47:15'),
	(332, 3, 1, 6, '0', '2017-03-07 11:52:41'),
	(332, 4, 1, 5, '0', '2017-03-08 10:47:16'),
	(333, 3, 1, 2, '0', '2017-03-07 11:52:41'),
	(333, 4, 1, 5, '0', '2017-03-08 10:47:16'),
	(334, 3, 1, 2, '0', '2017-03-07 11:52:41'),
	(334, 4, 1, 5, '0', '2017-03-08 10:47:16'),
	(335, 3, 1, 2, '0', '2017-03-07 11:52:41'),
	(335, 4, 1, 5, '0', '2017-03-08 10:47:16'),
	(336, 3, 1, 2, '0', '2017-03-07 11:52:41'),
	(336, 4, 1, 5, '0', '2017-03-08 10:47:16'),
	(337, 3, 1, 4, '0', '2017-03-07 11:52:41'),
	(337, 4, 1, 5, '0', '2017-03-08 10:47:16'),
	(338, 3, 1, 4, '0', '2017-03-07 11:52:41'),
	(338, 4, 1, 5, '0', '2017-03-08 10:47:16'),
	(339, 3, 1, 5, '0', '2017-03-07 11:52:41'),
	(339, 4, 1, 5, '0', '2017-03-08 10:47:16'),
	(340, 3, 1, 2, '0', '2017-03-07 11:52:41'),
	(340, 4, 1, 5, '0', '2017-03-08 10:47:16'),
	(341, 3, 1, 6, '0', '2017-03-07 11:52:41'),
	(341, 4, 1, 5, '0', '2017-03-08 10:47:16'),
	(342, 3, 1, 2, '0', '2017-03-07 11:52:41'),
	(342, 4, 1, 5, '0', '2017-03-08 10:47:16'),
	(343, 3, 1, 2, '0', '2017-03-07 11:52:42'),
	(343, 4, 1, 5, '0', '2017-03-08 10:47:16'),
	(344, 3, 1, 2, '0', '2017-03-07 11:52:42'),
	(344, 4, 1, 5, '0', '2017-03-08 10:47:16'),
	(345, 3, 1, 2, '0', '2017-03-07 11:52:42'),
	(345, 4, 1, 5, '0', '2017-03-08 10:47:16'),
	(346, 3, 1, 4, '0', '2017-03-07 11:52:42'),
	(346, 4, 1, 6, '0', '2017-03-08 10:47:16'),
	(347, 3, 1, 4, '0', '2017-03-07 11:52:42'),
	(347, 4, 1, 6, '0', '2017-03-08 10:47:16'),
	(348, 3, 1, 5, '0', '2017-03-07 11:52:42'),
	(348, 4, 1, 6, '0', '2017-03-08 10:47:16'),
	(349, 3, 1, 2, '0', '2017-03-07 11:52:42'),
	(349, 4, 1, 6, '0', '2017-03-08 10:47:16'),
	(350, 3, 1, 6, '0', '2017-03-07 11:52:42'),
	(350, 4, 1, 6, '0', '2017-03-08 10:47:16'),
	(351, 3, 1, 2, '0', '2017-03-07 11:52:42'),
	(351, 4, 1, 6, '0', '2017-03-08 10:47:16'),
	(352, 3, 1, 2, '0', '2017-03-07 11:52:42'),
	(352, 4, 1, 6, '0', '2017-03-08 10:47:16'),
	(353, 3, 1, 2, '0', '2017-03-07 11:52:42'),
	(353, 4, 1, 6, '0', '2017-03-08 10:47:16'),
	(354, 3, 1, 2, '0', '2017-03-07 11:52:42'),
	(354, 4, 1, 6, '0', '2017-03-08 10:47:16'),
	(355, 3, 1, 4, '0', '2017-03-07 11:52:42'),
	(355, 4, 1, 6, '0', '2017-03-08 10:47:16'),
	(356, 3, 1, 4, '0', '2017-03-07 11:52:42'),
	(356, 4, 1, 6, '0', '2017-03-08 10:47:16'),
	(357, 3, 1, 5, '0', '2017-03-07 11:52:42'),
	(357, 4, 1, 6, '0', '2017-03-08 10:47:16'),
	(358, 3, 1, 2, '0', '2017-03-07 11:52:42'),
	(358, 4, 1, 6, '0', '2017-03-08 10:47:16'),
	(359, 3, 1, 6, '0', '2017-03-07 11:52:42'),
	(359, 4, 1, 6, '0', '2017-03-08 10:47:17'),
	(360, 3, 1, 2, '0', '2017-03-07 11:52:42'),
	(360, 4, 1, 6, '0', '2017-03-08 10:47:17'),
	(361, 3, 1, 2, '0', '2017-03-07 11:52:42'),
	(361, 4, 1, 6, '0', '2017-03-08 10:47:17'),
	(362, 3, 1, 2, '0', '2017-03-07 11:52:42'),
	(362, 4, 1, 6, '0', '2017-03-08 10:47:17'),
	(363, 3, 1, 2, '0', '2017-03-07 11:52:42'),
	(363, 4, 1, 6, '0', '2017-03-08 10:47:17'),
	(364, 3, 1, 4, '0', '2017-03-07 11:52:42'),
	(364, 4, 1, 6, '0', '2017-03-08 10:47:17'),
	(365, 3, 1, 4, '0', '2017-03-07 11:52:42'),
	(365, 4, 1, 6, '0', '2017-03-08 10:47:17'),
	(366, 3, 1, 5, '0', '2017-03-07 11:52:42'),
	(366, 4, 1, 2, '0', '2017-03-08 10:47:17'),
	(367, 3, 1, 2, '0', '2017-03-07 11:52:43'),
	(367, 4, 1, 2, '0', '2017-03-08 10:47:17'),
	(368, 3, 1, 6, '0', '2017-03-07 11:52:43'),
	(368, 4, 1, 2, '0', '2017-03-08 10:47:17'),
	(369, 3, 1, 2, '0', '2017-03-07 11:52:43'),
	(369, 4, 1, 2, '0', '2017-03-08 10:47:17'),
	(370, 3, 1, 2, '0', '2017-03-07 11:52:43'),
	(370, 4, 1, 2, '0', '2017-03-08 10:47:17'),
	(371, 3, 1, 2, '0', '2017-03-07 11:52:43'),
	(371, 4, 1, 2, '0', '2017-03-08 10:47:17'),
	(372, 3, 1, 2, '0', '2017-03-07 11:52:43'),
	(372, 4, 1, 2, '0', '2017-03-08 10:47:17'),
	(373, 3, 1, 4, '0', '2017-03-07 11:52:43'),
	(373, 4, 1, 2, '0', '2017-03-08 10:47:17'),
	(374, 3, 1, 4, '0', '2017-03-07 11:52:43'),
	(374, 4, 1, 2, '0', '2017-03-08 10:47:17'),
	(375, 3, 1, 5, '0', '2017-03-07 11:52:43'),
	(375, 4, 1, 2, '0', '2017-03-08 10:47:17'),
	(376, 3, 1, 2, '0', '2017-03-07 11:52:43'),
	(376, 4, 1, 2, '0', '2017-03-08 10:47:17'),
	(377, 3, 1, 6, '0', '2017-03-07 11:52:43'),
	(377, 4, 1, 2, '0', '2017-03-08 10:47:17'),
	(378, 3, 1, 2, '0', '2017-03-07 11:52:43'),
	(378, 4, 1, 2, '0', '2017-03-08 10:47:17'),
	(379, 3, 1, 2, '0', '2017-03-07 11:52:43'),
	(379, 4, 1, 2, '0', '2017-03-08 10:47:17'),
	(380, 3, 1, 2, '0', '2017-03-07 11:52:43'),
	(380, 4, 1, 2, '0', '2017-03-08 10:47:17'),
	(381, 3, 1, 2, '0', '2017-03-07 11:52:43'),
	(381, 4, 1, 2, '0', '2017-03-08 10:47:17'),
	(382, 3, 1, 4, '0', '2017-03-07 11:52:43'),
	(382, 4, 1, 2, '0', '2017-03-08 10:47:17'),
	(383, 3, 1, 4, '0', '2017-03-07 11:52:43'),
	(383, 4, 1, 2, '0', '2017-03-08 10:47:18'),
	(384, 3, 1, 5, '0', '2017-03-07 11:52:43'),
	(384, 4, 1, 5, '0', '2017-03-08 10:47:18'),
	(385, 3, 1, 2, '0', '2017-03-07 11:52:43'),
	(385, 4, 1, 5, '0', '2017-03-08 10:47:18'),
	(386, 3, 1, 6, '0', '2017-03-07 11:52:43'),
	(386, 4, 1, 5, '0', '2017-03-08 10:47:18'),
	(387, 3, 1, 2, '0', '2017-03-07 11:52:43'),
	(387, 4, 1, 5, '0', '2017-03-08 10:47:18'),
	(388, 3, 1, 2, '0', '2017-03-07 11:52:43'),
	(388, 4, 1, 5, '0', '2017-03-08 10:47:18'),
	(389, 3, 1, 2, '0', '2017-03-07 11:52:43'),
	(389, 4, 1, 5, '0', '2017-03-08 10:47:18'),
	(390, 3, 1, 2, '0', '2017-03-07 11:52:43'),
	(390, 4, 1, 5, '0', '2017-03-08 10:47:18'),
	(391, 3, 1, 4, '0', '2017-03-07 11:52:43'),
	(391, 4, 1, 5, '0', '2017-03-08 10:47:18'),
	(392, 3, 1, 4, '0', '2017-03-07 11:52:44'),
	(392, 4, 1, 5, '0', '2017-03-08 10:47:18'),
	(393, 3, 1, 5, '0', '2017-03-07 11:52:44'),
	(393, 4, 1, 5, '0', '2017-03-08 10:47:18'),
	(394, 3, 1, 2, '0', '2017-03-07 11:52:44'),
	(394, 4, 1, 5, '0', '2017-03-08 10:47:18'),
	(395, 3, 1, 6, '0', '2017-03-07 11:52:44'),
	(395, 4, 1, 5, '0', '2017-03-08 10:47:18'),
	(396, 3, 1, 2, '0', '2017-03-07 11:52:44'),
	(396, 4, 1, 5, '0', '2017-03-08 10:47:18'),
	(397, 3, 1, 2, '0', '2017-03-07 11:52:44'),
	(397, 4, 1, 5, '0', '2017-03-08 10:47:18'),
	(398, 3, 1, 2, '0', '2017-03-07 11:52:44'),
	(398, 4, 1, 6, '0', '2017-03-08 10:47:18'),
	(399, 3, 1, 2, '0', '2017-03-07 11:52:44'),
	(399, 4, 1, 6, '0', '2017-03-08 10:47:18'),
	(400, 3, 1, 4, '0', '2017-03-07 11:52:44'),
	(400, 4, 1, 6, '0', '2017-03-08 10:47:18'),
	(401, 3, 1, 4, '0', '2017-03-07 11:52:44'),
	(401, 4, 1, 6, '0', '2017-03-08 10:47:18'),
	(402, 3, 1, 5, '0', '2017-03-07 11:52:44'),
	(402, 4, 1, 6, '0', '2017-03-08 10:47:18'),
	(403, 3, 1, 2, '0', '2017-03-07 11:52:44'),
	(403, 4, 1, 6, '0', '2017-03-08 10:47:18'),
	(404, 3, 1, 6, '0', '2017-03-07 11:52:44'),
	(404, 4, 1, 6, '0', '2017-03-08 10:47:18'),
	(405, 3, 1, 2, '0', '2017-03-07 11:52:44'),
	(405, 4, 1, 6, '0', '2017-03-08 10:47:19'),
	(406, 3, 1, 2, '0', '2017-03-07 11:52:44'),
	(406, 4, 1, 6, '0', '2017-03-08 10:47:19'),
	(407, 3, 1, 2, '0', '2017-03-07 11:52:44'),
	(407, 4, 1, 6, '0', '2017-03-08 10:47:19'),
	(408, 3, 1, 2, '0', '2017-03-07 11:52:44'),
	(408, 4, 1, 6, '0', '2017-03-08 10:47:19'),
	(409, 3, 1, 4, '0', '2017-03-07 11:52:44'),
	(409, 4, 1, 6, '0', '2017-03-08 10:47:19'),
	(410, 3, 1, 4, '0', '2017-03-07 11:52:44'),
	(410, 4, 1, 6, '0', '2017-03-08 10:47:19'),
	(411, 3, 1, 5, '0', '2017-03-07 11:52:44'),
	(411, 4, 1, 2, '0', '2017-03-23 08:52:53'),
	(412, 3, 1, 2, '0', '2017-03-07 11:52:44'),
	(412, 4, 1, 2, '0', '2017-03-23 08:52:53'),
	(413, 3, 1, 6, '0', '2017-03-07 11:52:44'),
	(413, 4, 1, 2, '0', '2017-03-23 08:52:53'),
	(414, 3, 1, 2, '0', '2017-03-21 12:37:49'),
	(414, 4, 1, 2, '0', '2017-03-23 09:05:49'),
	(415, 3, 1, 2, '0', '2017-03-21 12:37:49'),
	(415, 4, 1, 2, '0', '2017-03-23 09:05:49'),
	(416, 3, 1, 2, '0', '2017-03-21 12:37:49'),
	(416, 4, 1, 2, '0', '2017-03-21 13:54:07'),
	(417, 3, 1, 2, '0', '2017-03-21 12:37:49'),
	(417, 4, 1, 2, '0', '2017-03-21 13:54:18'),
	(418, 3, 1, 2, '0', '2017-03-21 12:37:49'),
	(418, 4, 1, 2, '0', '2017-03-21 13:54:28'),
	(419, 3, 1, 2, '0', '2017-03-21 12:37:49'),
	(419, 4, 1, 2, '0', '2017-03-21 13:54:31'),
	(420, 3, 1, 2, '0', '2017-03-21 12:37:49'),
	(420, 4, 1, 2, '0', '2017-03-21 13:54:31'),
	(421, 3, 1, 2, '0', '2017-03-21 12:37:49'),
	(421, 4, 1, 2, '0', '2017-03-21 13:54:32'),
	(422, 3, 1, 2, '0', '2017-03-21 12:37:49'),
	(422, 4, 1, 2, '0', '2017-03-21 13:54:33'),
	(423, 3, 1, 2, '0', '2017-03-21 12:37:49'),
	(423, 4, 1, 2, '0', '2017-03-21 13:54:38'),
	(424, 3, 1, 2, '0', '2017-03-21 12:36:54'),
	(424, 4, 1, 2, '0', '2017-03-22 08:50:13'),
	(425, 3, 1, 2, '0', '2017-03-21 12:36:54'),
	(425, 4, 1, 2, '0', '2017-03-22 08:50:13'),
	(426, 3, 1, 2, '0', '2017-03-21 12:36:54'),
	(426, 4, 1, 2, '0', '2017-03-22 08:50:13'),
	(427, 3, 1, 2, '0', '2017-03-21 12:36:54'),
	(427, 4, 1, 2, '0', '2017-03-22 08:50:13'),
	(428, 3, 1, 2, '0', '2017-03-21 12:36:54'),
	(428, 4, 1, 2, '0', '2017-03-22 08:50:13'),
	(429, 3, 1, 2, '0', '2017-03-21 12:36:54'),
	(429, 4, 1, 2, '0', '2017-03-22 08:50:13'),
	(430, 3, 1, 2, '0', '2017-03-21 12:36:54'),
	(430, 4, 1, 2, '0', '2017-03-22 08:50:13'),
	(431, 3, 1, 2, '0', '2017-03-21 12:36:54'),
	(431, 4, 1, 2, '0', '2017-03-22 08:50:13'),
	(432, 3, 1, 2, '0', '2017-03-21 13:27:29'),
	(432, 4, 1, 2, '0', '2017-03-21 14:06:28'),
	(433, 3, 1, 2, '0', '2017-03-17 15:02:57'),
	(433, 4, 1, 2, '0', '2017-03-21 14:06:28'),
	(434, 3, 1, 2, '0', '2017-03-21 13:27:30'),
	(434, 4, 1, 2, '0', '2017-03-21 14:06:28'),
	(435, 3, 1, 2, '0', '2017-03-21 13:27:30'),
	(435, 4, 1, 2, '0', '2017-03-21 14:06:28'),
	(436, 3, 1, 2, '0', '2017-03-21 13:27:30'),
	(436, 4, 1, 2, '0', '2017-03-21 14:06:28'),
	(437, 3, 1, 2, '0', '2017-03-21 13:27:30'),
	(437, 4, 1, 2, '0', '2017-03-21 14:06:28'),
	(438, 3, 1, 2, '0', '2017-03-21 13:27:30'),
	(438, 4, 1, 2, '0', '2017-03-21 14:06:28'),
	(439, 3, 1, 2, '0', '2017-03-21 13:52:44'),
	(439, 4, 1, 2, '0', '2017-03-21 14:06:19'),
	(440, 3, 1, 2, '0', '2017-03-21 13:52:44'),
	(440, 4, 1, 2, '0', '2017-03-21 14:06:19'),
	(441, 3, 1, 2, '0', '2017-03-21 13:52:44'),
	(441, 4, 1, 2, '0', '2017-03-21 14:06:19'),
	(442, 3, 1, 2, '0', '2017-03-21 08:51:29'),
	(442, 4, 1, 2, '0', '2017-03-21 14:06:20'),
	(443, 3, 1, 2, '0', '2017-03-21 08:51:29'),
	(443, 4, 1, 2, '0', '2017-03-21 14:06:20'),
	(444, 3, 1, 2, '0', '2017-03-21 08:51:29'),
	(444, 4, 1, 2, '0', '2017-03-21 14:06:20'),
	(445, 3, 1, 2, '0', '2017-03-21 08:51:29'),
	(445, 4, 1, 2, '0', '2017-03-21 14:06:20'),
	(446, 3, 1, 2, '0', '2017-03-21 12:37:26'),
	(446, 4, 1, 2, '0', '2017-03-21 14:06:20'),
	(447, 3, 1, 2, '0', '2017-03-21 12:37:26'),
	(447, 4, 1, 2, '0', '2017-03-21 14:06:20'),
	(448, 3, 1, 2, '0', '2017-03-21 12:37:26'),
	(448, 4, 1, 2, '0', '2017-03-24 08:22:53'),
	(449, 3, 1, 2, '0', '2017-03-21 12:37:27'),
	(449, 4, 1, 2, '0', '2017-03-24 08:22:53'),
	(450, 3, 1, 2, '0', '2017-03-21 12:37:26'),
	(450, 4, 1, 2, '0', '2017-03-24 08:22:53'),
	(451, 3, 1, 2, '0', '2017-03-21 12:37:26'),
	(451, 4, 1, 3, 'aaaa', '2017-03-30 11:12:00'),
	(452, 3, 1, 2, '0', '2017-03-21 12:37:27'),
	(452, 4, 1, 3, 'aaaa', '2017-03-30 11:12:00'),
	(453, 3, 1, 2, '0', '2017-03-21 12:37:27'),
	(453, 4, 1, 3, 'aaaa', '2017-03-30 11:12:00'),
	(454, 3, 1, 2, '0', '2017-03-21 13:27:30'),
	(454, 4, 1, 2, '0', '2017-03-24 08:39:32'),
	(455, 3, 1, 2, '0', '2017-03-21 13:27:30'),
	(455, 4, 1, 2, '0', '2017-03-24 08:39:32'),
	(456, 3, 1, 2, '0', '2017-03-17 14:50:04'),
	(456, 4, 1, 2, '0', '2017-03-24 08:39:32'),
	(457, 3, 1, 2, '0', '2017-03-21 13:27:30'),
	(458, 3, 1, 2, '0', '2017-03-21 13:27:30'),
	(458, 4, 1, 2, '0', '2017-03-23 08:54:34'),
	(459, 3, 1, 2, '0', '2017-03-21 13:27:30'),
	(459, 4, 1, 2, '0', '2017-03-23 08:54:34'),
	(460, 3, 1, 2, '0', '2017-03-17 14:51:27'),
	(460, 4, 1, 2, '0', '2017-03-23 08:54:34'),
	(461, 3, 1, 2, '0', '2017-03-21 13:52:28'),
	(461, 4, 1, 5, 'Invitaciones', '2017-03-30 11:28:19'),
	(462, 3, 1, 2, '0', '2017-03-21 13:52:29'),
	(462, 4, 1, 5, 'Invitaciones', '2017-03-30 11:28:19'),
	(463, 3, 1, 2, '0', '2017-03-21 13:52:29'),
	(463, 4, 1, 5, 'Coral', '2017-03-31 10:36:37'),
	(464, 3, 1, 2, '0', '2017-03-21 13:52:29'),
	(465, 3, 1, 2, '0', '2017-03-21 13:52:29'),
	(466, 3, 1, 2, '0', '2017-03-21 13:52:29');
/*!40000 ALTER TABLE `butacassesion` ENABLE KEYS */;

-- Volcando estructura para tabla cdc.descuentos
CREATE TABLE IF NOT EXISTS `descuentos` (
  `idDto` int(11) NOT NULL AUTO_INCREMENT,
  `dto` int(11) NOT NULL,
  `descripcion` varchar(50) NOT NULL,
  PRIMARY KEY (`idDto`)
) ENGINE=InnoDB AUTO_INCREMENT=5 DEFAULT CHARSET=utf8 COMMENT='Tabla de descuentos aplicables a la venta de entradas';

-- Volcando datos para la tabla cdc.descuentos: ~4 rows (aproximadamente)
/*!40000 ALTER TABLE `descuentos` DISABLE KEYS */;
INSERT IGNORE INTO `descuentos` (`idDto`, `dto`, `descripcion`) VALUES
	(1, 0, 'Estandar'),
	(2, 15, 'Jubilados'),
	(3, 20, 'Amigos CdC'),
	(4, 15, 'Carnet joven');
/*!40000 ALTER TABLE `descuentos` ENABLE KEYS */;

-- Volcando estructura para tabla cdc.estados
CREATE TABLE IF NOT EXISTS `estados` (
  `idEstado` int(11) NOT NULL AUTO_INCREMENT,
  `Descripcion` varchar(50) NOT NULL DEFAULT '0' COMMENT 'Libre, vendida, reservada, no vender, invitacion, abono, otros',
  `Color` varchar(6) NOT NULL DEFAULT '0' COMMENT 'Guardar el color en formato exadecimal, sin la almoadilla',
  PRIMARY KEY (`idEstado`)
) ENGINE=InnoDB AUTO_INCREMENT=7 DEFAULT CHARSET=utf8 COMMENT='Posibles estados para una butaca';

-- Volcando datos para la tabla cdc.estados: ~6 rows (aproximadamente)
/*!40000 ALTER TABLE `estados` DISABLE KEYS */;
INSERT IGNORE INTO `estados` (`idEstado`, `Descripcion`, `Color`) VALUES
	(1, 'Libre', '00FF00'),
	(2, 'Vendida', 'FF0000'),
	(3, 'Reservada', 'FF9900'),
	(4, 'No vender', '000000'),
	(5, 'Invitación', '3B83BD'),
	(6, 'Abono', 'EA899A');
/*!40000 ALTER TABLE `estados` ENABLE KEYS */;

-- Volcando estructura para tabla cdc.historia
CREATE TABLE IF NOT EXISTS `historia` (
  `idLinea` int(11) NOT NULL AUTO_INCREMENT,
  `idUsuario` int(11) NOT NULL DEFAULT '0',
  `FechaHora` datetime NOT NULL DEFAULT CURRENT_TIMESTAMP ON UPDATE CURRENT_TIMESTAMP,
  `Log` varchar(150) NOT NULL,
  PRIMARY KEY (`idLinea`),
  KEY `FK_Historia_usuarios` (`idUsuario`),
  CONSTRAINT `FK_Historia_usuarios` FOREIGN KEY (`idUsuario`) REFERENCES `usuarios` (`idUsuario`)
) ENGINE=InnoDB DEFAULT CHARSET=utf8;

-- Volcando datos para la tabla cdc.historia: ~0 rows (aproximadamente)
/*!40000 ALTER TABLE `historia` DISABLE KEYS */;
/*!40000 ALTER TABLE `historia` ENABLE KEYS */;

-- Volcando estructura para tabla cdc.sesiones
CREATE TABLE IF NOT EXISTS `sesiones` (
  `idActividad` int(11) NOT NULL,
  `idSesion` int(11) NOT NULL,
  `Fecha` date NOT NULL,
  `Hora` time NOT NULL,
  `Precio` int(11) NOT NULL COMMENT 'El precio va en centimos, así utilizamos internamente valores enteros sin decimales',
  `Precio1` int(11) DEFAULT NULL,
  `DescPrecio1` varchar(20) DEFAULT '',
  `Precio2` int(11) DEFAULT NULL,
  `DescPrecio2` varchar(20) DEFAULT '',
  `Precio3` int(11) DEFAULT NULL,
  `DescPrecio3` varchar(20) DEFAULT '',
  PRIMARY KEY (`idSesion`,`idActividad`),
  KEY `FK__actividades` (`idActividad`),
  CONSTRAINT `FK__actividades` FOREIGN KEY (`idActividad`) REFERENCES `actividades` (`idActividad`)
) ENGINE=InnoDB DEFAULT CHARSET=utf8 COMMENT='Nos dice las sesiones que hay de cada actividad. Su hora, precio, ...';

-- Volcando datos para la tabla cdc.sesiones: ~6 rows (aproximadamente)
/*!40000 ALTER TABLE `sesiones` DISABLE KEYS */;
INSERT IGNORE INTO `sesiones` (`idActividad`, `idSesion`, `Fecha`, `Hora`, `Precio`, `Precio1`, `DescPrecio1`, `Precio2`, `DescPrecio2`, `Precio3`, `DescPrecio3`) VALUES
	(3, 1, '2017-03-17', '14:18:30', 400, NULL, NULL, NULL, NULL, NULL, NULL),
	(4, 1, '2017-03-15', '13:04:17', 350, NULL, NULL, NULL, NULL, NULL, NULL),
	(4, 2, '2018-03-14', '14:01:14', 450, NULL, NULL, NULL, NULL, NULL, NULL),
	(4, 3, '2017-04-08', '14:40:16', 400, 350, 'Jubilados', NULL, '', NULL, ''),
	(4, 4, '2017-05-08', '14:40:30', 400, 325, 'Union MusicaFuensal.', NULL, NULL, NULL, NULL),
	(4, 5, '2019-03-17', '14:41:40', 500, NULL, NULL, NULL, NULL, NULL, NULL);
/*!40000 ALTER TABLE `sesiones` ENABLE KEYS */;

-- Volcando estructura para tabla cdc.tickets
CREATE TABLE IF NOT EXISTS `tickets` (
  `idTicket` int(11) NOT NULL AUTO_INCREMENT,
  `idButaca` int(11) NOT NULL DEFAULT '0',
  `idActividad` int(11) NOT NULL DEFAULT '0',
  `idSesion` int(11) NOT NULL DEFAULT '0',
  `importeVenta` int(11) NOT NULL DEFAULT '0' COMMENT 'Los importes van en centimos de euros, así no manejamos decimales en el interior de la aplicacion',
  `isAnulada` binary(1) NOT NULL DEFAULT '0',
  `idUsuario` int(11) DEFAULT '0',
  `motivo` varchar(100) DEFAULT '0',
  `FechaAnulacion` datetime DEFAULT CURRENT_TIMESTAMP,
  `FechaMod` datetime NOT NULL DEFAULT CURRENT_TIMESTAMP ON UPDATE CURRENT_TIMESTAMP,
  PRIMARY KEY (`idTicket`),
  KEY `FK_tickest_butacas` (`idButaca`),
  KEY `FK_tickest_sesiones` (`idActividad`,`idSesion`),
  CONSTRAINT `FK_tickest_butacas` FOREIGN KEY (`idButaca`) REFERENCES `butacas` (`idButaca`),
  CONSTRAINT `FK_tickest_sesiones` FOREIGN KEY (`idActividad`, `idSesion`) REFERENCES `sesiones` (`idActividad`, `idSesion`)
) ENGINE=InnoDB AUTO_INCREMENT=1171 DEFAULT CHARSET=utf8;

-- Volcando datos para la tabla cdc.tickets: ~653 rows (aproximadamente)
/*!40000 ALTER TABLE `tickets` DISABLE KEYS */;
INSERT IGNORE INTO `tickets` (`idTicket`, `idButaca`, `idActividad`, `idSesion`, `importeVenta`, `isAnulada`, `idUsuario`, `motivo`, `FechaAnulacion`, `FechaMod`) VALUES
	(173, 442, 3, 1, 400, '0', 0, '', '2017-03-21 08:51:29', '2017-03-21 08:51:29'),
	(174, 443, 3, 1, 400, '0', 0, '', '2017-03-21 08:51:29', '2017-03-21 08:51:29'),
	(175, 444, 3, 1, 400, '0', 0, '', '2017-03-21 08:51:29', '2017-03-21 08:51:29'),
	(176, 445, 3, 1, 400, '0', 0, '', '2017-03-21 08:51:29', '2017-03-21 08:51:29'),
	(177, 42, 3, 1, 400, '0', 0, '', '2017-03-21 10:44:57', '2017-03-21 10:44:57'),
	(178, 60, 3, 1, 400, '0', 0, '', '2017-03-21 10:44:57', '2017-03-21 10:44:57'),
	(179, 78, 3, 1, 400, '0', 0, '', '2017-03-21 10:44:58', '2017-03-21 10:44:58'),
	(180, 42, 3, 1, 400, '0', 0, '', '2017-03-21 10:45:21', '2017-03-21 10:45:21'),
	(181, 60, 3, 1, 400, '0', 0, '', '2017-03-21 10:45:21', '2017-03-21 10:45:21'),
	(182, 78, 3, 1, 400, '0', 0, '', '2017-03-21 10:45:21', '2017-03-21 10:45:21'),
	(183, 96, 3, 1, 400, '0', 0, '', '2017-03-21 10:45:21', '2017-03-21 10:45:21'),
	(184, 42, 3, 1, 400, '0', 0, '', '2017-03-21 10:45:51', '2017-03-21 10:45:51'),
	(185, 60, 3, 1, 400, '0', 0, '', '2017-03-21 10:45:51', '2017-03-21 10:45:51'),
	(186, 78, 3, 1, 400, '0', 0, '', '2017-03-21 10:45:51', '2017-03-21 10:45:51'),
	(187, 96, 3, 1, 400, '0', 0, '', '2017-03-21 10:45:51', '2017-03-21 10:45:51'),
	(188, 114, 3, 1, 400, '0', 0, '', '2017-03-21 10:45:51', '2017-03-21 10:45:51'),
	(189, 132, 3, 1, 400, '0', 0, '', '2017-03-21 10:45:52', '2017-03-21 10:45:52'),
	(190, 29, 3, 1, 400, '0', 0, '', '2017-03-21 12:23:59', '2017-03-21 12:23:59'),
	(191, 46, 3, 1, 400, '0', 0, '', '2017-03-21 12:23:59', '2017-03-21 12:23:59'),
	(192, 64, 3, 1, 400, '0', 0, '', '2017-03-21 12:23:59', '2017-03-21 12:23:59'),
	(193, 82, 3, 1, 400, '0', 0, '', '2017-03-21 12:23:59', '2017-03-21 12:23:59'),
	(194, 154, 3, 1, 320, '0', 0, '', '2017-03-21 12:24:16', '2017-03-21 12:24:16'),
	(195, 155, 3, 1, 320, '0', 0, '', '2017-03-21 12:24:16', '2017-03-21 12:24:16'),
	(196, 136, 3, 1, 320, '0', 0, '', '2017-03-21 12:24:16', '2017-03-21 12:24:16'),
	(197, 137, 3, 1, 320, '0', 0, '', '2017-03-21 12:24:16', '2017-03-21 12:24:16'),
	(198, 118, 3, 1, 320, '0', 0, '', '2017-03-21 12:24:17', '2017-03-21 12:24:17'),
	(199, 119, 3, 1, 320, '0', 0, '', '2017-03-21 12:24:17', '2017-03-21 12:24:17'),
	(200, 100, 3, 1, 320, '0', 0, '', '2017-03-21 12:24:17', '2017-03-21 12:24:17'),
	(201, 101, 3, 1, 320, '0', 0, '', '2017-03-21 12:24:17', '2017-03-21 12:24:17'),
	(202, 83, 3, 1, 320, '0', 0, '', '2017-03-21 12:24:17', '2017-03-21 12:24:17'),
	(203, 65, 3, 1, 320, '0', 0, '', '2017-03-21 12:24:17', '2017-03-21 12:24:17'),
	(204, 47, 3, 1, 320, '0', 0, '', '2017-03-21 12:24:17', '2017-03-21 12:24:17'),
	(205, 28, 3, 1, 400, '0', 0, '', '2017-03-21 12:24:31', '2017-03-21 12:24:31'),
	(206, 44, 3, 1, 400, '0', 0, '', '2017-03-21 12:24:56', '2017-03-21 12:24:56'),
	(207, 62, 3, 1, 400, '0', 0, '', '2017-03-21 12:24:56', '2017-03-21 12:24:56'),
	(208, 80, 3, 1, 400, '0', 0, '', '2017-03-21 12:24:56', '2017-03-21 12:24:56'),
	(209, 98, 3, 1, 400, '0', 0, '', '2017-03-21 12:24:56', '2017-03-21 12:24:56'),
	(210, 116, 3, 1, 400, '0', 0, '', '2017-03-21 12:24:56', '2017-03-21 12:24:56'),
	(211, 134, 3, 1, 400, '0', 0, '', '2017-03-21 12:24:56', '2017-03-21 12:24:56'),
	(212, 152, 3, 1, 400, '0', 0, '', '2017-03-21 12:24:56', '2017-03-21 12:24:56'),
	(213, 26, 3, 1, 400, '0', 0, '', '2017-03-21 12:24:56', '2017-03-21 12:24:56'),
	(214, 9, 3, 1, 400, '0', 0, '', '2017-03-21 12:24:57', '2017-03-21 12:24:57'),
	(215, 10, 3, 1, 400, '0', 0, '', '2017-03-21 12:24:57', '2017-03-21 12:24:57'),
	(216, 11, 3, 1, 400, '0', 0, '', '2017-03-21 12:24:57', '2017-03-21 12:24:57'),
	(217, 12, 3, 1, 400, '0', 0, '', '2017-03-21 12:24:57', '2017-03-21 12:24:57'),
	(218, 13, 3, 1, 400, '0', 0, '', '2017-03-21 12:24:57', '2017-03-21 12:24:57'),
	(219, 14, 3, 1, 400, '0', 0, '', '2017-03-21 12:24:57', '2017-03-21 12:24:57'),
	(220, 15, 3, 1, 400, '0', 0, '', '2017-03-21 12:24:57', '2017-03-21 12:24:57'),
	(221, 16, 3, 1, 400, '0', 0, '', '2017-03-21 12:24:57', '2017-03-21 12:24:57'),
	(222, 17, 3, 1, 400, '0', 0, '', '2017-03-21 12:24:57', '2017-03-21 12:24:57'),
	(223, 33, 3, 1, 400, '0', 0, '', '2017-03-21 12:24:58', '2017-03-21 12:24:58'),
	(224, 51, 3, 1, 400, '0', 0, '', '2017-03-21 12:24:58', '2017-03-21 12:24:58'),
	(225, 69, 3, 1, 400, '0', 0, '', '2017-03-21 12:24:58', '2017-03-21 12:24:58'),
	(226, 87, 3, 1, 400, '0', 0, '', '2017-03-21 12:24:58', '2017-03-21 12:24:58'),
	(227, 105, 3, 1, 400, '0', 0, '', '2017-03-21 12:24:58', '2017-03-21 12:24:58'),
	(228, 123, 3, 1, 400, '0', 0, '', '2017-03-21 12:24:58', '2017-03-21 12:24:58'),
	(229, 141, 3, 1, 400, '0', 0, '', '2017-03-21 12:24:58', '2017-03-21 12:24:58'),
	(230, 159, 3, 1, 400, '0', 0, '', '2017-03-21 12:24:58', '2017-03-21 12:24:58'),
	(231, 1, 3, 1, 400, '0', 0, '', '2017-03-21 12:25:16', '2017-03-21 12:25:16'),
	(232, 2, 3, 1, 400, '0', 0, '', '2017-03-21 12:25:16', '2017-03-21 12:25:16'),
	(233, 3, 3, 1, 400, '0', 0, '', '2017-03-21 12:25:16', '2017-03-21 12:25:16'),
	(234, 4, 3, 1, 400, '0', 0, '', '2017-03-21 12:25:16', '2017-03-21 12:25:16'),
	(235, 5, 3, 1, 400, '0', 0, '', '2017-03-21 12:25:16', '2017-03-21 12:25:16'),
	(236, 6, 3, 1, 400, '0', 0, '', '2017-03-21 12:25:16', '2017-03-21 12:25:16'),
	(237, 7, 3, 1, 400, '0', 0, '', '2017-03-21 12:25:16', '2017-03-21 12:25:16'),
	(238, 8, 3, 1, 400, '0', 0, '', '2017-03-21 12:25:16', '2017-03-21 12:25:16'),
	(239, 24, 3, 1, 400, '0', 0, '', '2017-03-21 12:25:17', '2017-03-21 12:25:17'),
	(240, 23, 3, 1, 400, '0', 0, '', '2017-03-21 12:25:17', '2017-03-21 12:25:17'),
	(241, 22, 3, 1, 400, '0', 0, '', '2017-03-21 12:25:17', '2017-03-21 12:25:17'),
	(242, 20, 3, 1, 400, '0', 0, '', '2017-03-21 12:25:17', '2017-03-21 12:25:17'),
	(243, 19, 3, 1, 400, '0', 0, '', '2017-03-21 12:25:17', '2017-03-21 12:25:17'),
	(244, 18, 3, 1, 400, '0', 0, '', '2017-03-21 12:25:17', '2017-03-21 12:25:17'),
	(245, 35, 3, 1, 400, '0', 0, '', '2017-03-21 12:25:17', '2017-03-21 12:25:17'),
	(246, 53, 3, 1, 400, '0', 0, '', '2017-03-21 12:25:17', '2017-03-21 12:25:17'),
	(247, 71, 3, 1, 400, '0', 0, '', '2017-03-21 12:25:17', '2017-03-21 12:25:17'),
	(248, 89, 3, 1, 400, '0', 0, '', '2017-03-21 12:25:18', '2017-03-21 12:25:18'),
	(249, 107, 3, 1, 400, '0', 0, '', '2017-03-21 12:25:18', '2017-03-21 12:25:18'),
	(250, 125, 3, 1, 400, '0', 0, '', '2017-03-21 12:25:18', '2017-03-21 12:25:18'),
	(251, 143, 3, 1, 400, '0', 0, '', '2017-03-21 12:25:18', '2017-03-21 12:25:18'),
	(252, 150, 3, 1, 400, '0', 0, '', '2017-03-21 12:25:18', '2017-03-21 12:25:18'),
	(253, 37, 3, 1, 400, '0', 0, '', '2017-03-21 12:29:54', '2017-03-21 12:29:54'),
	(254, 38, 3, 1, 400, '0', 0, '', '2017-03-21 12:29:54', '2017-03-21 12:29:54'),
	(255, 56, 3, 1, 400, '0', 0, '', '2017-03-21 12:29:54', '2017-03-21 12:29:54'),
	(256, 55, 3, 1, 400, '0', 0, '', '2017-03-21 12:29:54', '2017-03-21 12:29:54'),
	(257, 73, 3, 1, 400, '0', 0, '', '2017-03-21 12:30:14', '2017-03-21 12:30:14'),
	(258, 91, 3, 1, 400, '0', 0, '', '2017-03-21 12:30:14', '2017-03-21 12:30:14'),
	(259, 109, 3, 1, 400, '0', 0, '', '2017-03-21 12:30:14', '2017-03-21 12:30:14'),
	(260, 110, 3, 1, 400, '0', 0, '', '2017-03-21 12:30:14', '2017-03-21 12:30:14'),
	(261, 92, 3, 1, 400, '0', 0, '', '2017-03-21 12:30:14', '2017-03-21 12:30:14'),
	(262, 74, 3, 1, 400, '0', 0, '', '2017-03-21 12:30:14', '2017-03-21 12:30:14'),
	(263, 163, 3, 1, 400, '0', 0, '', '2017-03-21 12:30:49', '2017-03-21 12:30:49'),
	(264, 164, 3, 1, 400, '0', 0, '', '2017-03-21 12:30:49', '2017-03-21 12:30:49'),
	(265, 182, 3, 1, 400, '0', 0, '', '2017-03-21 12:30:49', '2017-03-21 12:30:49'),
	(266, 208, 3, 1, 400, '0', 0, '', '2017-03-21 12:30:49', '2017-03-21 12:30:49'),
	(267, 209, 3, 1, 400, '0', 0, '', '2017-03-21 12:30:49', '2017-03-21 12:30:49'),
	(268, 190, 3, 1, 400, '0', 0, '', '2017-03-21 12:30:49', '2017-03-21 12:30:49'),
	(269, 191, 3, 1, 400, '0', 0, '', '2017-03-21 12:30:50', '2017-03-21 12:30:50'),
	(270, 172, 3, 1, 400, '0', 0, '', '2017-03-21 12:30:50', '2017-03-21 12:30:50'),
	(271, 213, 3, 1, 400, '0', 0, '', '2017-03-21 12:30:50', '2017-03-21 12:30:50'),
	(272, 228, 3, 1, 400, '0', 0, '', '2017-03-21 12:30:50', '2017-03-21 12:30:50'),
	(273, 227, 3, 1, 400, '0', 0, '', '2017-03-21 12:30:50', '2017-03-21 12:30:50'),
	(274, 246, 3, 1, 400, '0', 0, '', '2017-03-21 12:30:50', '2017-03-21 12:30:50'),
	(275, 245, 3, 1, 400, '0', 0, '', '2017-03-21 12:30:50', '2017-03-21 12:30:50'),
	(276, 290, 3, 1, 400, '0', 0, '', '2017-03-21 12:30:50', '2017-03-21 12:30:50'),
	(277, 291, 3, 1, 400, '0', 0, '', '2017-03-21 12:30:50', '2017-03-21 12:30:50'),
	(278, 272, 3, 1, 400, '0', 0, '', '2017-03-21 12:30:50', '2017-03-21 12:30:50'),
	(279, 273, 3, 1, 400, '0', 0, '', '2017-03-21 12:30:51', '2017-03-21 12:30:51'),
	(280, 254, 3, 1, 400, '0', 0, '', '2017-03-21 12:30:51', '2017-03-21 12:30:51'),
	(281, 255, 3, 1, 400, '0', 0, '', '2017-03-21 12:30:51', '2017-03-21 12:30:51'),
	(282, 299, 3, 1, 400, '0', 0, '', '2017-03-21 12:30:51', '2017-03-21 12:30:51'),
	(283, 300, 3, 1, 400, '0', 0, '', '2017-03-21 12:30:51', '2017-03-21 12:30:51'),
	(284, 344, 3, 1, 400, '0', 0, '', '2017-03-21 12:30:51', '2017-03-21 12:30:51'),
	(285, 363, 3, 1, 400, '0', 0, '', '2017-03-21 12:30:51', '2017-03-21 12:30:51'),
	(286, 362, 3, 1, 400, '0', 0, '', '2017-03-21 12:30:51', '2017-03-21 12:30:51'),
	(287, 318, 3, 1, 400, '0', 0, '', '2017-03-21 12:30:51', '2017-03-21 12:30:51'),
	(288, 317, 3, 1, 400, '0', 0, '', '2017-03-21 12:30:51', '2017-03-21 12:30:51'),
	(289, 336, 3, 1, 400, '0', 0, '', '2017-03-21 12:30:51', '2017-03-21 12:30:51'),
	(290, 335, 3, 1, 400, '0', 0, '', '2017-03-21 12:30:51', '2017-03-21 12:30:51'),
	(291, 354, 3, 1, 400, '0', 0, '', '2017-03-21 12:30:52', '2017-03-21 12:30:52'),
	(292, 173, 3, 1, 400, '0', 0, '', '2017-03-21 12:30:52', '2017-03-21 12:30:52'),
	(293, 424, 3, 1, 400, '0', 0, '', '2017-03-21 12:36:54', '2017-03-21 12:36:54'),
	(294, 425, 3, 1, 400, '0', 0, '', '2017-03-21 12:36:54', '2017-03-21 12:36:54'),
	(295, 426, 3, 1, 400, '0', 0, '', '2017-03-21 12:36:54', '2017-03-21 12:36:54'),
	(296, 427, 3, 1, 400, '0', 0, '', '2017-03-21 12:36:54', '2017-03-21 12:36:54'),
	(297, 428, 3, 1, 400, '0', 0, '', '2017-03-21 12:36:54', '2017-03-21 12:36:54'),
	(298, 429, 3, 1, 400, '0', 0, '', '2017-03-21 12:36:54', '2017-03-21 12:36:54'),
	(299, 431, 3, 1, 400, '0', 0, '', '2017-03-21 12:36:54', '2017-03-21 12:36:54'),
	(300, 430, 3, 1, 400, '0', 0, '', '2017-03-21 12:36:54', '2017-03-21 12:36:54'),
	(301, 446, 3, 1, 400, '0', 0, '', '2017-03-21 12:37:26', '2017-03-21 12:37:26'),
	(302, 447, 3, 1, 400, '0', 0, '', '2017-03-21 12:37:26', '2017-03-21 12:37:26'),
	(303, 448, 3, 1, 400, '0', 0, '', '2017-03-21 12:37:26', '2017-03-21 12:37:26'),
	(304, 450, 3, 1, 400, '0', 0, '', '2017-03-21 12:37:26', '2017-03-21 12:37:26'),
	(305, 451, 3, 1, 400, '0', 0, '', '2017-03-21 12:37:26', '2017-03-21 12:37:26'),
	(306, 453, 3, 1, 400, '0', 0, '', '2017-03-21 12:37:27', '2017-03-21 12:37:27'),
	(307, 452, 3, 1, 400, '0', 0, '', '2017-03-21 12:37:27', '2017-03-21 12:37:27'),
	(308, 449, 3, 1, 400, '0', 0, '', '2017-03-21 12:37:27', '2017-03-21 12:37:27'),
	(309, 414, 3, 1, 400, '0', 0, '', '2017-03-21 12:37:49', '2017-03-21 12:37:49'),
	(310, 415, 3, 1, 400, '0', 0, '', '2017-03-21 12:37:49', '2017-03-21 12:37:49'),
	(311, 416, 3, 1, 400, '0', 0, '', '2017-03-21 12:37:49', '2017-03-21 12:37:49'),
	(312, 417, 3, 1, 400, '0', 0, '', '2017-03-21 12:37:49', '2017-03-21 12:37:49'),
	(313, 418, 3, 1, 400, '0', 0, '', '2017-03-21 12:37:49', '2017-03-21 12:37:49'),
	(314, 419, 3, 1, 400, '0', 0, '', '2017-03-21 12:37:49', '2017-03-21 12:37:49'),
	(315, 420, 3, 1, 400, '0', 0, '', '2017-03-21 12:37:49', '2017-03-21 12:37:49'),
	(316, 421, 3, 1, 400, '0', 0, '', '2017-03-21 12:37:49', '2017-03-21 12:37:49'),
	(317, 422, 3, 1, 400, '0', 0, '', '2017-03-21 12:37:49', '2017-03-21 12:37:49'),
	(318, 423, 3, 1, 400, '0', 0, '', '2017-03-21 12:37:49', '2017-03-21 12:37:49'),
	(319, 174, 4, 1, 350, '0', 0, '', '2017-03-21 13:06:19', '2017-03-21 13:06:19'),
	(320, 173, 4, 1, 350, '0', 0, '', '2017-03-21 13:06:19', '2017-03-21 13:06:19'),
	(321, 175, 4, 1, 350, '0', 0, '', '2017-03-21 13:06:19', '2017-03-21 13:06:19'),
	(322, 217, 4, 1, 350, '0', 0, '', '2017-03-21 13:06:19', '2017-03-21 13:06:19'),
	(323, 216, 4, 1, 350, '0', 0, '', '2017-03-21 13:06:19', '2017-03-21 13:06:19'),
	(324, 215, 4, 1, 350, '0', 0, '', '2017-03-21 13:06:20', '2017-03-21 13:06:20'),
	(325, 279, 4, 1, 350, '0', 0, '', '2017-03-21 13:06:20', '2017-03-21 13:06:20'),
	(326, 329, 4, 1, 350, '0', 0, '', '2017-03-21 13:06:20', '2017-03-21 13:06:20'),
	(327, 330, 4, 1, 350, '0', 0, '', '2017-03-21 13:06:20', '2017-03-21 13:06:20'),
	(328, 331, 4, 1, 350, '0', 0, '', '2017-03-21 13:06:20', '2017-03-21 13:06:20'),
	(329, 373, 4, 1, 350, '0', 0, '', '2017-03-21 13:06:20', '2017-03-21 13:06:20'),
	(330, 372, 4, 1, 350, '0', 0, '', '2017-03-21 13:06:20', '2017-03-21 13:06:20'),
	(331, 371, 4, 1, 350, '0', 0, '', '2017-03-21 13:06:20', '2017-03-21 13:06:20'),
	(332, 389, 3, 1, 400, '0', 0, '', '2017-03-21 13:27:18', '2017-03-21 13:27:18'),
	(333, 407, 3, 1, 400, '0', 0, '', '2017-03-21 13:27:18', '2017-03-21 13:27:18'),
	(334, 408, 3, 1, 400, '0', 0, '', '2017-03-21 13:27:18', '2017-03-21 13:27:18'),
	(335, 390, 3, 1, 400, '0', 0, '', '2017-03-21 13:27:18', '2017-03-21 13:27:18'),
	(336, 399, 3, 1, 400, '0', 0, '', '2017-03-21 13:27:18', '2017-03-21 13:27:18'),
	(337, 398, 3, 1, 400, '0', 0, '', '2017-03-21 13:27:18', '2017-03-21 13:27:18'),
	(338, 380, 3, 1, 400, '0', 0, '', '2017-03-21 13:27:18', '2017-03-21 13:27:18'),
	(339, 381, 3, 1, 400, '0', 0, '', '2017-03-21 13:27:19', '2017-03-21 13:27:19'),
	(340, 432, 3, 1, 400, '0', 0, '', '2017-03-21 13:27:29', '2017-03-21 13:27:29'),
	(341, 454, 3, 1, 400, '0', 0, '', '2017-03-21 13:27:30', '2017-03-21 13:27:30'),
	(342, 455, 3, 1, 400, '0', 0, '', '2017-03-21 13:27:30', '2017-03-21 13:27:30'),
	(343, 433, 3, 1, 400, '0', 0, '', '2017-03-21 13:27:30', '2017-03-21 13:27:30'),
	(344, 434, 3, 1, 400, '0', 0, '', '2017-03-21 13:27:30', '2017-03-21 13:27:30'),
	(345, 435, 3, 1, 400, '0', 0, '', '2017-03-21 13:27:30', '2017-03-21 13:27:30'),
	(346, 436, 3, 1, 400, '0', 0, '', '2017-03-21 13:27:30', '2017-03-21 13:27:30'),
	(347, 438, 3, 1, 400, '0', 0, '', '2017-03-21 13:27:30', '2017-03-21 13:27:30'),
	(348, 437, 3, 1, 400, '0', 0, '', '2017-03-21 13:27:30', '2017-03-21 13:27:30'),
	(349, 456, 3, 1, 400, '0', 0, '', '2017-03-21 13:27:30', '2017-03-21 13:27:30'),
	(350, 457, 3, 1, 400, '0', 0, '', '2017-03-21 13:27:30', '2017-03-21 13:27:30'),
	(351, 458, 3, 1, 400, '0', 0, '', '2017-03-21 13:27:30', '2017-03-21 13:27:30'),
	(352, 459, 3, 1, 400, '0', 0, '', '2017-03-21 13:27:30', '2017-03-21 13:27:30'),
	(353, 460, 3, 1, 400, '0', 0, '', '2017-03-21 13:27:31', '2017-03-21 13:27:31'),
	(354, 461, 3, 1, 400, '0', 0, '', '2017-03-21 13:52:28', '2017-03-21 13:52:28'),
	(355, 462, 3, 1, 400, '0', 0, '', '2017-03-21 13:52:29', '2017-03-21 13:52:29'),
	(356, 463, 3, 1, 400, '0', 0, '', '2017-03-21 13:52:29', '2017-03-21 13:52:29'),
	(357, 464, 3, 1, 400, '0', 0, '', '2017-03-21 13:52:29', '2017-03-21 13:52:29'),
	(358, 465, 3, 1, 400, '0', 0, '', '2017-03-21 13:52:29', '2017-03-21 13:52:29'),
	(359, 466, 3, 1, 400, '0', 0, '', '2017-03-21 13:52:29', '2017-03-21 13:52:29'),
	(360, 412, 3, 1, 400, '0', 0, '', '2017-03-21 13:52:29', '2017-03-21 13:52:29'),
	(361, 394, 3, 1, 400, '0', 0, '', '2017-03-21 13:52:29', '2017-03-21 13:52:29'),
	(362, 376, 3, 1, 400, '0', 0, '', '2017-03-21 13:52:29', '2017-03-21 13:52:29'),
	(363, 351, 3, 1, 400, '0', 0, '', '2017-03-21 13:52:29', '2017-03-21 13:52:29'),
	(364, 331, 3, 1, 400, '0', 0, '', '2017-03-21 13:52:29', '2017-03-21 13:52:29'),
	(365, 286, 3, 1, 400, '0', 0, '', '2017-03-21 13:52:29', '2017-03-21 13:52:29'),
	(366, 243, 3, 1, 400, '0', 0, '', '2017-03-21 13:52:30', '2017-03-21 13:52:30'),
	(367, 223, 3, 1, 400, '0', 0, '', '2017-03-21 13:52:30', '2017-03-21 13:52:30'),
	(368, 387, 3, 1, 400, '0', 0, '', '2017-03-21 13:52:44', '2017-03-21 13:52:44'),
	(369, 405, 3, 1, 400, '0', 0, '', '2017-03-21 13:52:44', '2017-03-21 13:52:44'),
	(370, 441, 3, 1, 400, '0', 0, '', '2017-03-21 13:52:44', '2017-03-21 13:52:44'),
	(371, 440, 3, 1, 400, '0', 0, '', '2017-03-21 13:52:44', '2017-03-21 13:52:44'),
	(372, 439, 3, 1, 400, '0', 0, '', '2017-03-21 13:52:44', '2017-03-21 13:52:44'),
	(373, 403, 3, 1, 400, '0', 0, '', '2017-03-21 13:52:44', '2017-03-21 13:52:44'),
	(374, 385, 3, 1, 400, '0', 0, '', '2017-03-21 13:52:45', '2017-03-21 13:52:45'),
	(375, 360, 3, 1, 400, '0', 0, '', '2017-03-21 13:52:45', '2017-03-21 13:52:45'),
	(376, 340, 3, 1, 400, '0', 0, '', '2017-03-21 13:52:45', '2017-03-21 13:52:45'),
	(377, 342, 3, 1, 400, '0', 0, '', '2017-03-21 13:52:45', '2017-03-21 13:52:45'),
	(378, 322, 3, 1, 400, '0', 0, '', '2017-03-21 13:52:45', '2017-03-21 13:52:45'),
	(379, 367, 3, 1, 400, '0', 0, '', '2017-03-21 13:52:45', '2017-03-21 13:52:45'),
	(380, 369, 3, 1, 400, '0', 0, '', '2017-03-21 13:52:45', '2017-03-21 13:52:45'),
	(381, 416, 4, 1, 350, '0', 0, '', '2017-03-21 13:54:14', '2017-03-21 13:54:14'),
	(382, 417, 4, 1, 350, '0', 0, '', '2017-03-21 13:54:21', '2017-03-21 13:54:21'),
	(383, 418, 4, 1, 350, '0', 0, '', '2017-03-21 13:54:30', '2017-03-21 13:54:30'),
	(384, 419, 4, 1, 350, '0', 0, '', '2017-03-21 13:54:31', '2017-03-21 13:54:31'),
	(385, 420, 4, 1, 350, '0', 0, '', '2017-03-21 13:54:32', '2017-03-21 13:54:32'),
	(386, 421, 4, 1, 350, '0', 0, '', '2017-03-21 13:54:32', '2017-03-21 13:54:32'),
	(387, 422, 4, 1, 350, '0', 0, '', '2017-03-21 13:54:36', '2017-03-21 13:54:36'),
	(388, 423, 4, 1, 350, '0', 0, '', '2017-03-21 13:54:41', '2017-03-21 13:54:41'),
	(389, 161, 3, 1, 400, '0', 0, '', '2017-03-21 14:04:55', '2017-03-21 14:04:55'),
	(390, 204, 3, 1, 400, '0', 0, '', '2017-03-21 14:04:55', '2017-03-21 14:04:55'),
	(391, 225, 3, 1, 400, '0', 0, '', '2017-03-21 14:04:55', '2017-03-21 14:04:55'),
	(392, 206, 3, 1, 400, '0', 0, '', '2017-03-21 14:04:55', '2017-03-21 14:04:55'),
	(393, 186, 3, 1, 400, '0', 0, '', '2017-03-21 14:04:55', '2017-03-21 14:04:55'),
	(394, 188, 3, 1, 400, '0', 0, '', '2017-03-21 14:04:55', '2017-03-21 14:04:55'),
	(395, 168, 3, 1, 400, '0', 0, '', '2017-03-21 14:04:55', '2017-03-21 14:04:55'),
	(396, 170, 3, 1, 400, '0', 0, '', '2017-03-21 14:04:55', '2017-03-21 14:04:55'),
	(397, 232, 3, 1, 400, '0', 0, '', '2017-03-21 14:04:55', '2017-03-21 14:04:55'),
	(398, 234, 3, 1, 400, '0', 0, '', '2017-03-21 14:04:55', '2017-03-21 14:04:55'),
	(399, 214, 3, 1, 400, '0', 0, '', '2017-03-21 14:04:56', '2017-03-21 14:04:56'),
	(400, 215, 3, 1, 400, '0', 0, '', '2017-03-21 14:04:56', '2017-03-21 14:04:56'),
	(401, 216, 3, 1, 400, '0', 0, '', '2017-03-21 14:04:56', '2017-03-21 14:04:56'),
	(402, 195, 3, 1, 400, '0', 0, '', '2017-03-21 14:04:56', '2017-03-21 14:04:56'),
	(403, 197, 3, 1, 400, '0', 0, '', '2017-03-21 14:04:56', '2017-03-21 14:04:56'),
	(404, 177, 3, 1, 400, '0', 0, '', '2017-03-21 14:04:56', '2017-03-21 14:04:56'),
	(405, 439, 4, 1, 350, '0', 0, '', '2017-03-21 14:06:19', '2017-03-21 14:06:19'),
	(406, 440, 4, 1, 350, '0', 0, '', '2017-03-21 14:06:19', '2017-03-21 14:06:19'),
	(407, 441, 4, 1, 350, '0', 0, '', '2017-03-21 14:06:20', '2017-03-21 14:06:20'),
	(408, 442, 4, 1, 350, '0', 0, '', '2017-03-21 14:06:20', '2017-03-21 14:06:20'),
	(409, 443, 4, 1, 350, '0', 0, '', '2017-03-21 14:06:20', '2017-03-21 14:06:20'),
	(410, 444, 4, 1, 350, '0', 0, '', '2017-03-21 14:06:20', '2017-03-21 14:06:20'),
	(411, 445, 4, 1, 350, '0', 0, '', '2017-03-21 14:06:20', '2017-03-21 14:06:20'),
	(412, 446, 4, 1, 350, '0', 0, '', '2017-03-21 14:06:20', '2017-03-21 14:06:20'),
	(413, 447, 4, 1, 350, '0', 0, '', '2017-03-21 14:06:20', '2017-03-21 14:06:20'),
	(414, 432, 4, 1, 350, '0', 0, '', '2017-03-21 14:06:28', '2017-03-21 14:06:28'),
	(415, 433, 4, 1, 350, '0', 0, '', '2017-03-21 14:06:28', '2017-03-21 14:06:28'),
	(416, 434, 4, 1, 350, '0', 0, '', '2017-03-21 14:06:28', '2017-03-21 14:06:28'),
	(417, 435, 4, 1, 350, '0', 0, '', '2017-03-21 14:06:28', '2017-03-21 14:06:28'),
	(418, 436, 4, 1, 350, '0', 0, '', '2017-03-21 14:06:28', '2017-03-21 14:06:28'),
	(419, 437, 4, 1, 350, '0', 0, '', '2017-03-21 14:06:28', '2017-03-21 14:06:28'),
	(420, 438, 4, 1, 350, '0', 0, '', '2017-03-21 14:06:28', '2017-03-21 14:06:28'),
	(421, 277, 4, 1, 350, '0', 0, '', '2017-03-22 08:39:07', '2017-03-22 08:39:07'),
	(422, 278, 4, 1, 350, '0', 0, '', '2017-03-22 08:39:07', '2017-03-22 08:39:07'),
	(423, 319, 4, 1, 350, '0', 0, '', '2017-03-22 08:39:07', '2017-03-22 08:39:07'),
	(424, 320, 4, 1, 350, '0', 0, '', '2017-03-22 08:39:08', '2017-03-22 08:39:08'),
	(425, 321, 4, 1, 350, '0', 0, '', '2017-03-22 08:39:08', '2017-03-22 08:39:08'),
	(426, 269, 4, 1, 350, '0', 0, '', '2017-03-22 08:39:08', '2017-03-22 08:39:08'),
	(427, 268, 4, 1, 350, '0', 0, '', '2017-03-22 08:39:08', '2017-03-22 08:39:08'),
	(428, 267, 4, 1, 350, '0', 0, '', '2017-03-22 08:39:08', '2017-03-22 08:39:08'),
	(429, 225, 4, 1, 350, '0', 0, '', '2017-03-22 08:39:08', '2017-03-22 08:39:08'),
	(430, 226, 4, 1, 350, '0', 0, '', '2017-03-22 08:39:08', '2017-03-22 08:39:08'),
	(431, 227, 4, 1, 350, '0', 0, '', '2017-03-22 08:39:08', '2017-03-22 08:39:08'),
	(432, 163, 4, 1, 350, '0', 0, '', '2017-03-22 08:39:08', '2017-03-22 08:39:08'),
	(433, 164, 4, 1, 350, '0', 0, '', '2017-03-22 08:39:08', '2017-03-22 08:39:08'),
	(434, 165, 4, 1, 350, '0', 0, '', '2017-03-22 08:39:08', '2017-03-22 08:39:08'),
	(441, 424, 4, 1, 350, '0', 0, '', '2017-03-22 08:50:13', '2017-03-22 08:50:13'),
	(442, 425, 4, 1, 350, '0', 0, '', '2017-03-22 08:50:13', '2017-03-22 08:50:13'),
	(443, 426, 4, 1, 350, '0', 0, '', '2017-03-22 08:50:13', '2017-03-22 08:50:13'),
	(444, 427, 4, 1, 350, '0', 0, '', '2017-03-22 08:50:13', '2017-03-22 08:50:13'),
	(445, 428, 4, 1, 350, '0', 0, '', '2017-03-22 08:50:13', '2017-03-22 08:50:13'),
	(446, 429, 4, 1, 350, '0', 0, '', '2017-03-22 08:50:13', '2017-03-22 08:50:13'),
	(447, 430, 4, 1, 350, '0', 0, '', '2017-03-22 08:50:13', '2017-03-22 08:50:13'),
	(448, 431, 4, 1, 350, '0', 0, '', '2017-03-22 08:50:13', '2017-03-22 08:50:13'),
	(449, 127, 3, 1, 400, '0', 0, '', '2017-03-22 08:54:09', '2017-03-22 08:54:09'),
	(450, 128, 3, 1, 400, '0', 0, '', '2017-03-22 08:54:09', '2017-03-22 08:54:09'),
	(451, 146, 3, 1, 400, '0', 0, '', '2017-03-22 08:54:09', '2017-03-22 08:54:09'),
	(452, 145, 3, 1, 400, '0', 0, '', '2017-03-22 08:54:09', '2017-03-22 08:54:09'),
	(453, 259, 3, 1, 340, '0', 0, '', '2017-03-22 08:54:51', '2017-03-22 08:54:51'),
	(454, 261, 3, 1, 340, '0', 0, '', '2017-03-22 08:54:51', '2017-03-22 08:54:51'),
	(455, 241, 3, 1, 340, '0', 0, '', '2017-03-22 08:54:51', '2017-03-22 08:54:51'),
	(456, 179, 3, 1, 340, '0', 0, '', '2017-03-22 08:54:51', '2017-03-22 08:54:51'),
	(457, 306, 3, 1, 340, '0', 0, '', '2017-03-22 08:54:51', '2017-03-22 08:54:51'),
	(458, 349, 3, 1, 340, '0', 0, '', '2017-03-22 08:54:51', '2017-03-22 08:54:51'),
	(459, 304, 3, 1, 340, '0', 0, '', '2017-03-22 08:54:51', '2017-03-22 08:54:51'),
	(460, 279, 3, 1, 340, '0', 0, '', '2017-03-22 08:54:51', '2017-03-22 08:54:51'),
	(461, 323, 3, 1, 340, '0', 0, '', '2017-03-22 08:54:51', '2017-03-22 08:54:51'),
	(462, 324, 3, 1, 340, '0', 0, '', '2017-03-22 08:54:51', '2017-03-22 08:54:51'),
	(463, 277, 3, 1, 340, '0', 0, '', '2017-03-22 08:54:51', '2017-03-22 08:54:51'),
	(464, 297, 3, 1, 340, '0', 0, '', '2017-03-22 08:54:52', '2017-03-22 08:54:52'),
	(465, 252, 3, 1, 340, '0', 0, '', '2017-03-22 08:54:52', '2017-03-22 08:54:52'),
	(466, 295, 3, 1, 340, '0', 0, '', '2017-03-22 08:54:52', '2017-03-22 08:54:52'),
	(467, 250, 3, 1, 340, '0', 0, '', '2017-03-22 08:54:52', '2017-03-22 08:54:52'),
	(468, 270, 3, 1, 340, '0', 0, '', '2017-03-22 08:54:52', '2017-03-22 08:54:52'),
	(469, 315, 3, 1, 340, '0', 0, '', '2017-03-22 08:54:52', '2017-03-22 08:54:52'),
	(470, 358, 3, 1, 340, '0', 0, '', '2017-03-22 08:54:52', '2017-03-22 08:54:52'),
	(471, 378, 3, 1, 340, '0', 0, '', '2017-03-22 08:54:52', '2017-03-22 08:54:52'),
	(472, 396, 3, 1, 340, '0', 0, '', '2017-03-22 08:54:52', '2017-03-22 08:54:52'),
	(473, 313, 3, 1, 340, '0', 0, '', '2017-03-22 08:54:52', '2017-03-22 08:54:52'),
	(474, 268, 3, 1, 340, '0', 0, '', '2017-03-22 08:54:52', '2017-03-22 08:54:52'),
	(475, 288, 3, 1, 340, '0', 0, '', '2017-03-22 08:54:52', '2017-03-22 08:54:52'),
	(476, 333, 3, 1, 340, '0', 0, '', '2017-03-22 08:54:52', '2017-03-22 08:54:52'),
	(477, 181, 3, 1, 400, '0', 0, '', '2017-03-22 08:56:32', '2017-03-22 08:56:32'),
	(478, 200, 3, 1, 400, '0', 0, '', '2017-03-22 08:56:32', '2017-03-22 08:56:32'),
	(479, 199, 3, 1, 400, '0', 0, '', '2017-03-22 08:56:32', '2017-03-22 08:56:32'),
	(480, 219, 3, 1, 400, '0', 0, '', '2017-03-22 08:56:32', '2017-03-22 08:56:32'),
	(481, 218, 3, 1, 400, '0', 0, '', '2017-03-22 08:56:32', '2017-03-22 08:56:32'),
	(482, 263, 3, 1, 400, '0', 0, '', '2017-03-22 08:56:32', '2017-03-22 08:56:32'),
	(483, 264, 3, 1, 400, '0', 0, '', '2017-03-22 08:56:32', '2017-03-22 08:56:32'),
	(484, 309, 3, 1, 400, '0', 0, '', '2017-03-22 08:56:33', '2017-03-22 08:56:33'),
	(485, 308, 3, 1, 400, '0', 0, '', '2017-03-22 08:56:33', '2017-03-22 08:56:33'),
	(486, 353, 3, 1, 400, '0', 0, '', '2017-03-22 08:56:33', '2017-03-22 08:56:33'),
	(487, 327, 3, 1, 400, '0', 0, '', '2017-03-22 08:56:33', '2017-03-22 08:56:33'),
	(488, 326, 3, 1, 400, '0', 0, '', '2017-03-22 08:56:33', '2017-03-22 08:56:33'),
	(489, 372, 3, 1, 400, '0', 0, '', '2017-03-22 08:56:33', '2017-03-22 08:56:33'),
	(490, 371, 3, 1, 400, '0', 0, '', '2017-03-22 08:56:33', '2017-03-22 08:56:33'),
	(491, 345, 3, 1, 400, '0', 0, '', '2017-03-22 08:56:33', '2017-03-22 08:56:33'),
	(492, 281, 3, 1, 400, '0', 0, '', '2017-03-22 08:56:33', '2017-03-22 08:56:33'),
	(493, 282, 3, 1, 400, '0', 0, '', '2017-03-22 08:56:33', '2017-03-22 08:56:33'),
	(494, 237, 3, 1, 400, '0', 0, '', '2017-03-22 08:56:33', '2017-03-22 08:56:33'),
	(495, 236, 3, 1, 400, '0', 0, '', '2017-03-22 08:56:33', '2017-03-22 08:56:33'),
	(496, 9, 4, 1, 350, '0', 0, '', '2017-03-22 10:34:31', '2017-03-22 10:34:31'),
	(497, 61, 4, 1, 350, '0', 0, '', '2017-03-22 10:34:31', '2017-03-22 10:34:31'),
	(498, 18, 4, 1, 350, '0', 0, '', '2017-03-22 13:29:12', '2017-03-22 13:29:12'),
	(499, 19, 4, 1, 350, '0', 0, '', '2017-03-22 13:29:12', '2017-03-22 13:29:12'),
	(500, 7, 4, 1, 350, '0', 0, '', '2017-03-22 13:29:12', '2017-03-22 13:29:12'),
	(501, 8, 4, 1, 350, '0', 0, '', '2017-03-22 13:29:12', '2017-03-22 13:29:12'),
	(502, 17, 4, 1, 350, '0', 0, '', '2017-03-22 13:29:12', '2017-03-22 13:29:12'),
	(503, 69, 4, 1, 350, '0', 0, '', '2017-03-22 13:29:12', '2017-03-22 13:29:12'),
	(504, 59, 4, 1, 350, '0', 0, '', '2017-03-22 13:30:38', '2017-03-22 13:30:38'),
	(505, 60, 4, 1, 350, '0', 0, '', '2017-03-22 13:30:38', '2017-03-22 13:30:38'),
	(506, 70, 4, 1, 350, '0', 0, '', '2017-03-22 13:30:38', '2017-03-22 13:30:38'),
	(507, 71, 4, 1, 350, '0', 0, '', '2017-03-22 13:30:38', '2017-03-22 13:30:38'),
	(514, 121, 4, 1, 297, '0', 0, '', '2017-03-23 08:50:57', '2017-03-23 08:50:57'),
	(515, 122, 4, 1, 297, '0', 0, '', '2017-03-23 08:50:57', '2017-03-23 08:50:57'),
	(516, 123, 4, 1, 297, '0', 0, '', '2017-03-23 08:50:57', '2017-03-23 08:50:57'),
	(517, 113, 4, 1, 297, '0', 0, '', '2017-03-23 08:50:57', '2017-03-23 08:50:57'),
	(518, 112, 4, 1, 297, '0', 0, '', '2017-03-23 08:50:57', '2017-03-23 08:50:57'),
	(519, 111, 4, 1, 297, '0', 0, '', '2017-03-23 08:50:57', '2017-03-23 08:50:57'),
	(520, 381, 4, 1, 297, '0', 0, '', '2017-03-23 08:51:13', '2017-03-23 08:51:13'),
	(521, 382, 4, 1, 297, '0', 0, '', '2017-03-23 08:51:13', '2017-03-23 08:51:13'),
	(522, 383, 4, 1, 297, '0', 0, '', '2017-03-23 08:51:14', '2017-03-23 08:51:14'),
	(523, 411, 4, 1, 297, '0', 0, '', '2017-03-23 08:52:53', '2017-03-23 08:52:53'),
	(524, 412, 4, 1, 297, '0', 0, '', '2017-03-23 08:52:53', '2017-03-23 08:52:53'),
	(525, 413, 4, 1, 297, '0', 0, '', '2017-03-23 08:52:53', '2017-03-23 08:52:53'),
	(526, 460, 4, 1, 297, '0', 0, '', '2017-03-23 08:54:34', '2017-03-23 08:54:34'),
	(527, 459, 4, 1, 297, '0', 0, '', '2017-03-23 08:54:34', '2017-03-23 08:54:34'),
	(528, 458, 4, 1, 297, '0', 0, '', '2017-03-23 08:54:34', '2017-03-23 08:54:34'),
	(529, 1, 4, 1, 350, '0', 0, '', '2017-03-23 09:05:02', '2017-03-23 09:05:02'),
	(530, 414, 4, 1, 350, '0', 0, '', '2017-03-23 09:05:49', '2017-03-23 09:05:49'),
	(531, 415, 4, 1, 350, '0', 0, '', '2017-03-23 09:05:49', '2017-03-23 09:05:49'),
	(532, 448, 4, 1, 297, '0', 0, '', '2017-03-24 08:22:53', '2017-03-24 08:22:53'),
	(533, 449, 4, 1, 297, '0', 0, '', '2017-03-24 08:22:53', '2017-03-24 08:22:53'),
	(534, 450, 4, 1, 297, '0', 0, '', '2017-03-24 08:22:53', '2017-03-24 08:22:53'),
	(535, 454, 4, 1, 350, '0', 0, '', '2017-03-24 08:39:32', '2017-03-24 08:39:32'),
	(536, 455, 4, 1, 350, '0', 0, '', '2017-03-24 08:39:32', '2017-03-24 08:39:32'),
	(537, 456, 4, 1, 350, '0', 0, '', '2017-03-24 08:39:32', '2017-03-24 08:39:32'),
	(871, 1, 4, 3, 400, '1', 0, '', '2017-04-05 08:33:47', '2017-04-05 11:21:12'),
	(872, 2, 4, 3, 400, '1', 0, '', '2017-04-05 08:33:47', '2017-04-05 11:21:12'),
	(873, 3, 4, 3, 400, '1', 0, '', '2017-04-05 08:33:47', '2017-04-05 11:21:13'),
	(874, 4, 4, 3, 400, '1', 0, '', '2017-04-05 08:33:47', '2017-04-10 14:30:46'),
	(875, 5, 4, 3, 400, '1', 0, '', '2017-04-05 08:33:48', '2017-04-10 14:30:46'),
	(876, 6, 4, 3, 400, '1', 0, '', '2017-04-05 08:33:48', '2017-04-10 14:30:46'),
	(877, 7, 4, 3, 400, '1', 0, '', '2017-04-05 08:33:48', '2017-04-10 14:30:46'),
	(878, 8, 4, 3, 400, '1', 0, '', '2017-04-05 08:33:48', '2017-04-10 14:30:46'),
	(879, 9, 4, 3, 400, '1', 0, '', '2017-04-05 08:33:48', '2017-04-10 14:30:27'),
	(880, 10, 4, 3, 400, '1', 0, '', '2017-04-05 08:33:48', '2017-04-10 14:30:27'),
	(881, 11, 4, 3, 400, '1', 0, '', '2017-04-05 08:33:48', '2017-04-10 14:30:27'),
	(882, 12, 4, 3, 400, '1', 0, '', '2017-04-05 08:33:48', '2017-04-10 14:30:27'),
	(883, 13, 4, 3, 400, '1', 0, '', '2017-04-05 08:33:48', '2017-04-10 14:30:28'),
	(884, 14, 4, 3, 400, '1', 0, '', '2017-04-05 08:33:48', '2017-04-10 14:30:28'),
	(885, 15, 4, 3, 400, '1', 0, '', '2017-04-05 08:33:48', '2017-04-10 14:30:28'),
	(886, 16, 4, 3, 400, '1', 0, '', '2017-04-05 08:33:48', '2017-04-10 14:30:28'),
	(887, 17, 4, 3, 400, '1', 0, '', '2017-04-05 08:33:48', '2017-04-10 14:30:28'),
	(888, 19, 4, 3, 400, '1', 0, '', '2017-04-05 08:33:48', '2017-04-10 14:30:46'),
	(889, 20, 4, 3, 400, '1', 0, '', '2017-04-05 08:33:49', '2017-04-10 14:30:46'),
	(890, 21, 4, 3, 400, '1', 0, '', '2017-04-05 08:33:49', '2017-04-10 14:30:46'),
	(891, 22, 4, 3, 400, '1', 0, '', '2017-04-05 08:33:49', '2017-04-10 14:30:46'),
	(892, 23, 4, 3, 400, '1', 0, '', '2017-04-05 08:33:49', '2017-04-10 14:30:46'),
	(893, 24, 4, 3, 400, '1', 0, '', '2017-04-05 08:33:49', '2017-04-10 14:30:46'),
	(894, 25, 4, 3, 400, '1', 0, '', '2017-04-05 08:33:49', '2017-04-10 14:30:46'),
	(895, 26, 4, 3, 400, '1', 0, '', '2017-04-05 08:33:49', '2017-04-10 14:30:27'),
	(896, 27, 4, 3, 400, '1', 0, '', '2017-04-05 08:33:49', '2017-04-10 14:30:27'),
	(897, 28, 4, 3, 400, '1', 0, '', '2017-04-05 08:33:49', '2017-04-10 14:30:27'),
	(898, 29, 4, 3, 400, '1', 0, '', '2017-04-05 08:33:49', '2017-04-10 14:30:27'),
	(899, 30, 4, 3, 400, '1', 0, '', '2017-04-05 08:33:49', '2017-04-10 14:30:28'),
	(900, 31, 4, 3, 400, '1', 0, '', '2017-04-05 08:33:49', '2017-04-10 14:30:28'),
	(901, 32, 4, 3, 400, '1', 0, '', '2017-04-05 08:33:49', '2017-04-10 14:30:28'),
	(902, 33, 4, 3, 400, '1', 0, '', '2017-04-05 08:33:49', '2017-04-10 14:30:28'),
	(903, 40, 4, 3, 400, '1', 0, '', '2017-04-05 08:33:49', '2017-04-10 14:30:46'),
	(904, 41, 4, 3, 400, '1', 0, '', '2017-04-05 08:33:50', '2017-04-10 14:30:46'),
	(905, 42, 4, 3, 400, '1', 0, '', '2017-04-05 08:33:50', '2017-04-10 14:30:46'),
	(906, 43, 4, 3, 400, '1', 0, '', '2017-04-05 08:33:50', '2017-04-10 14:30:27'),
	(907, 45, 4, 3, 400, '1', 0, '', '2017-04-05 08:33:50', '2017-04-10 14:30:27'),
	(908, 44, 4, 3, 400, '1', 0, '', '2017-04-05 08:33:50', '2017-04-10 14:30:27'),
	(909, 59, 4, 3, 400, '1', 0, '', '2017-04-05 08:33:50', '2017-04-10 14:30:45'),
	(910, 60, 4, 3, 400, '1', 0, '', '2017-04-05 08:33:50', '2017-04-10 14:30:45'),
	(911, 78, 4, 3, 400, '1', 0, '', '2017-04-05 08:33:50', '2017-04-10 14:30:05'),
	(912, 77, 4, 3, 400, '1', 0, '', '2017-04-05 08:33:50', '2017-04-10 14:30:05'),
	(913, 61, 4, 3, 400, '1', 0, '', '2017-04-05 08:33:50', '2017-04-10 14:30:27'),
	(914, 62, 4, 3, 400, '1', 0, '', '2017-04-05 08:33:51', '2017-04-10 14:30:27'),
	(915, 80, 4, 3, 400, '1', 0, '', '2017-04-05 08:33:51', '2017-04-10 14:30:27'),
	(916, 79, 4, 3, 400, '1', 0, '', '2017-04-05 08:33:51', '2017-04-10 14:30:26'),
	(917, 127, 4, 3, 350, '1', 0, '', '2017-04-05 08:34:52', '2017-04-05 11:05:15'),
	(918, 128, 4, 3, 350, '1', 0, '', '2017-04-05 08:34:52', '2017-04-05 11:05:15'),
	(919, 129, 4, 3, 350, '1', 0, '', '2017-04-05 08:34:52', '2017-04-05 11:05:15'),
	(920, 130, 4, 3, 350, '1', 0, '', '2017-04-05 08:34:52', '2017-04-05 10:32:26'),
	(921, 131, 4, 3, 350, '1', 0, '', '2017-04-05 08:34:52', '2017-04-05 10:32:26'),
	(922, 132, 4, 3, 350, '1', 0, '', '2017-04-05 08:34:52', '2017-04-05 10:32:26'),
	(923, 114, 4, 3, 350, '1', 0, '', '2017-04-05 10:15:13', '2017-04-05 11:22:04'),
	(924, 113, 4, 3, 350, '1', 0, '', '2017-04-05 10:15:13', '2017-04-05 11:22:03'),
	(925, 112, 4, 3, 350, '1', 0, '', '2017-04-05 10:15:13', '2017-04-05 11:22:03'),
	(926, 111, 4, 3, 350, '1', 0, '', '2017-04-05 10:15:13', '2017-04-05 11:22:03'),
	(927, 110, 4, 3, 350, '1', 0, '', '2017-04-05 10:15:13', '2017-04-05 11:22:03'),
	(928, 91, 4, 3, 400, '1', 0, '', '2017-04-05 10:15:22', '2017-04-10 14:30:04'),
	(929, 92, 4, 3, 400, '1', 0, '', '2017-04-05 10:15:22', '2017-04-10 14:30:04'),
	(930, 93, 4, 3, 400, '1', 0, '', '2017-04-05 10:15:22', '2017-04-10 14:30:04'),
	(931, 94, 4, 3, 400, '1', 0, '', '2017-04-05 10:15:22', '2017-04-10 14:30:04'),
	(932, 95, 4, 3, 400, '1', 0, '', '2017-04-05 10:15:22', '2017-04-10 14:30:04'),
	(933, 96, 4, 3, 400, '1', 0, '', '2017-04-05 10:15:22', '2017-04-10 14:30:05'),
	(934, 133, 4, 3, 350, '1', 0, '', '2017-04-05 10:15:33', '2017-04-10 14:30:05'),
	(935, 132, 4, 3, -350, '1', 0, '', '2017-04-05 10:32:26', '2017-04-05 10:32:26'),
	(936, 131, 4, 3, -350, '1', 0, '', '2017-04-05 10:32:26', '2017-04-05 10:32:26'),
	(937, 130, 4, 3, -350, '1', 0, '', '2017-04-05 10:32:26', '2017-04-05 10:32:26'),
	(938, 132, 4, 3, 350, '1', 0, 'Jubilados', '2017-04-05 11:03:29', '2017-04-05 11:22:04'),
	(939, 131, 4, 3, 350, '1', 0, 'Jubilados', '2017-04-05 11:03:29', '2017-04-05 11:22:04'),
	(940, 130, 4, 3, 350, '1', 0, 'Jubilados', '2017-04-05 11:03:29', '2017-04-05 11:22:04'),
	(941, 149, 4, 3, 350, '1', 0, 'Jubilados', '2017-04-05 11:03:29', '2017-04-10 14:29:42'),
	(942, 150, 4, 3, 350, '1', 0, 'Jubilados', '2017-04-05 11:03:29', '2017-04-10 14:29:36'),
	(943, 151, 4, 3, 350, '1', 0, 'Jubilados', '2017-04-05 11:03:29', '2017-04-10 14:29:36'),
	(944, 127, 4, 3, -350, '1', 0, 'Error del programa', '2017-04-05 11:05:15', '2017-04-05 11:05:15'),
	(945, 128, 4, 3, -350, '1', 0, 'Error del programa', '2017-04-05 11:05:15', '2017-04-05 11:05:15'),
	(946, 129, 4, 3, -350, '1', 0, 'Error del programa', '2017-04-05 11:05:15', '2017-04-05 11:05:15'),
	(947, 148, 4, 3, 400, '1', 0, 'Normal', '2017-04-05 11:05:51', '2017-04-10 14:29:42'),
	(948, 147, 4, 3, 400, '1', 0, 'Normal', '2017-04-05 11:05:51', '2017-04-10 14:29:48'),
	(949, 145, 4, 3, 400, '1', 0, 'Normal', '2017-04-05 11:05:51', '2017-04-10 14:30:04'),
	(950, 146, 4, 3, 400, '1', 0, 'Normal', '2017-04-05 11:05:51', '2017-04-10 14:29:48'),
	(951, 144, 4, 3, 400, '1', 0, 'Normal', '2017-04-05 11:05:51', '2017-04-10 14:30:04'),
	(952, 143, 4, 3, 400, '1', 0, 'Normal', '2017-04-05 11:05:51', '2017-04-07 13:23:05'),
	(953, 142, 4, 3, 400, '1', 0, 'Normal', '2017-04-05 11:05:51', '2017-04-07 13:23:05'),
	(954, 129, 4, 3, 400, '1', 0, 'Normal', '2017-04-05 11:15:05', '2017-04-05 11:22:04'),
	(955, 128, 4, 3, 400, '1', 0, 'Normal', '2017-04-05 11:15:05', '2017-04-05 11:22:04'),
	(956, 127, 4, 3, 400, '1', 0, 'Normal', '2017-04-05 11:15:05', '2017-04-05 11:22:04'),
	(957, 126, 4, 3, 400, '1', 0, 'Normal', '2017-04-05 11:15:05', '2017-04-05 11:22:04'),
	(958, 1, 4, 3, -400, '1', 0, 'Otro error', '2017-04-05 11:21:12', '2017-04-05 11:21:12'),
	(959, 2, 4, 3, -400, '1', 0, 'Otro error', '2017-04-05 11:21:12', '2017-04-05 11:21:12'),
	(960, 3, 4, 3, -400, '1', 0, 'Otro error', '2017-04-05 11:21:13', '2017-04-05 11:21:13'),
	(961, 110, 4, 3, -350, '1', 0, 'Error del programa', '2017-04-05 11:22:03', '2017-04-05 11:22:03'),
	(962, 111, 4, 3, -350, '1', 0, 'Error del programa', '2017-04-05 11:22:03', '2017-04-05 11:22:03'),
	(963, 112, 4, 3, -350, '1', 0, 'Error del programa', '2017-04-05 11:22:03', '2017-04-05 11:22:03'),
	(964, 113, 4, 3, -350, '1', 0, 'Error del programa', '2017-04-05 11:22:03', '2017-04-05 11:22:03'),
	(965, 114, 4, 3, -350, '1', 0, 'Error del programa', '2017-04-05 11:22:04', '2017-04-05 11:22:04'),
	(966, 132, 4, 3, -350, '1', 0, 'Error del programa', '2017-04-05 11:22:04', '2017-04-05 11:22:04'),
	(967, 131, 4, 3, -350, '1', 0, 'Error del programa', '2017-04-05 11:22:04', '2017-04-05 11:22:04'),
	(968, 130, 4, 3, -350, '1', 0, 'Error del programa', '2017-04-05 11:22:04', '2017-04-05 11:22:04'),
	(969, 129, 4, 3, -400, '1', 0, 'Error del programa', '2017-04-05 11:22:04', '2017-04-05 11:22:04'),
	(970, 128, 4, 3, -400, '1', 0, 'Error del programa', '2017-04-05 11:22:04', '2017-04-05 11:22:04'),
	(971, 127, 4, 3, -400, '1', 0, 'Error del programa', '2017-04-05 11:22:04', '2017-04-05 11:22:04'),
	(972, 126, 4, 3, -400, '1', 0, 'Error del programa', '2017-04-05 11:22:04', '2017-04-05 11:22:04'),
	(973, 152, 4, 3, 400, '1', 0, 'Normal', '2017-04-05 12:45:32', '2017-04-10 14:30:05'),
	(974, 153, 4, 3, 400, '1', 0, 'Normal', '2017-04-05 12:45:32', '2017-04-10 14:30:05'),
	(975, 154, 4, 3, 400, '1', 0, 'Normal', '2017-04-05 12:45:32', '2017-04-10 14:30:05'),
	(976, 114, 4, 3, 400, '1', 0, 'Normal', '2017-04-05 14:59:24', '2017-04-10 14:30:05'),
	(977, 113, 4, 3, 400, '1', 0, 'Normal', '2017-04-05 14:59:24', '2017-04-10 14:30:05'),
	(978, 112, 4, 3, 400, '1', 0, 'Normal', '2017-04-05 14:59:24', '2017-04-10 14:30:05'),
	(979, 111, 4, 3, 400, '1', 0, 'Normal', '2017-04-05 14:59:24', '2017-04-10 14:30:05'),
	(980, 155, 4, 3, 400, '1', 0, 'Normal', '2017-04-06 11:44:38', '2017-04-10 14:30:05'),
	(981, 156, 4, 3, 400, '1', 0, 'Normal', '2017-04-06 11:44:38', '2017-04-10 14:30:06'),
	(982, 157, 4, 3, 400, '1', 0, 'Normal', '2017-04-06 11:44:38', '2017-04-10 14:30:06'),
	(983, 142, 4, 3, -400, '1', 0, 'Devolucion', '2017-04-07 13:23:05', '2017-04-07 13:23:05'),
	(984, 143, 4, 3, -400, '1', 0, 'Devolucion', '2017-04-07 13:23:05', '2017-04-07 13:23:05'),
	(985, 1, 4, 4, 400, '0', 0, 'Normal', '2017-04-07 14:21:37', '2017-04-07 14:21:37'),
	(986, 2, 4, 4, 400, '0', 0, 'Normal', '2017-04-07 14:21:37', '2017-04-07 14:21:37'),
	(987, 3, 4, 4, 400, '0', 0, 'Normal', '2017-04-07 14:21:37', '2017-04-07 14:21:37'),
	(988, 4, 4, 4, 400, '0', 0, 'Normal', '2017-04-07 14:21:37', '2017-04-07 14:21:37'),
	(989, 5, 4, 4, 400, '0', 0, 'Normal', '2017-04-07 14:21:37', '2017-04-07 14:21:37'),
	(990, 6, 4, 4, 400, '0', 0, 'Normal', '2017-04-07 14:21:37', '2017-04-07 14:21:37'),
	(991, 7, 4, 4, 400, '0', 0, 'Normal', '2017-04-07 14:21:37', '2017-04-07 14:21:37'),
	(992, 8, 4, 4, 400, '0', 0, 'Normal', '2017-04-07 14:21:37', '2017-04-07 14:21:37'),
	(993, 21, 4, 4, 400, '0', 0, 'Normal', '2017-04-07 14:22:39', '2017-04-07 14:22:39'),
	(994, 22, 4, 4, 400, '0', 0, 'Normal', '2017-04-07 14:22:39', '2017-04-07 14:22:39'),
	(995, 23, 4, 4, 400, '0', 0, 'Normal', '2017-04-07 14:22:39', '2017-04-07 14:22:39'),
	(996, 24, 4, 4, 400, '0', 0, 'Normal', '2017-04-07 14:22:39', '2017-04-07 14:22:39'),
	(997, 25, 4, 4, 400, '0', 0, 'Normal', '2017-04-07 14:22:39', '2017-04-07 14:22:39'),
	(998, 39, 4, 4, 325, '1', 0, 'Union MusicaFuensal.', '2017-04-07 14:23:17', '2017-04-10 13:23:37'),
	(999, 40, 4, 4, 325, '1', 0, 'Union MusicaFuensal.', '2017-04-07 14:23:17', '2017-04-10 13:23:43'),
	(1000, 41, 4, 4, 325, '1', 0, 'Union MusicaFuensal.', '2017-04-07 14:23:17', '2017-04-10 13:23:48'),
	(1001, 42, 4, 4, 325, '1', 0, 'Union MusicaFuensal.', '2017-04-07 14:23:17', '2017-04-10 13:23:57'),
	(1002, 9, 4, 4, 400, '1', 0, 'Normal', '2017-04-07 14:24:09', '2017-04-07 14:24:27'),
	(1003, 10, 4, 4, 400, '1', 0, 'Normal', '2017-04-07 14:24:09', '2017-04-07 14:24:27'),
	(1004, 11, 4, 4, 400, '1', 0, 'Normal', '2017-04-07 14:24:09', '2017-04-07 14:24:38'),
	(1005, 12, 4, 4, 400, '1', 0, 'Normal', '2017-04-07 14:24:09', '2017-04-07 14:24:38'),
	(1006, 26, 4, 4, 400, '0', 0, 'Normal', '2017-04-07 14:24:16', '2017-04-07 14:24:16'),
	(1007, 27, 4, 4, 400, '0', 0, 'Normal', '2017-04-07 14:24:16', '2017-04-07 14:24:16'),
	(1008, 28, 4, 4, 400, '0', 0, 'Normal', '2017-04-07 14:24:17', '2017-04-07 14:24:17'),
	(1009, 43, 4, 4, 400, '0', 0, 'Normal', '2017-04-07 14:24:17', '2017-04-07 14:24:17'),
	(1010, 44, 4, 4, 400, '1', 0, 'Normal', '2017-04-07 14:24:17', '2017-04-10 13:24:14'),
	(1011, 9, 4, 4, -400, '1', 0, 'No las quiere', '2017-04-07 14:24:27', '2017-04-07 14:24:27'),
	(1012, 10, 4, 4, -400, '1', 0, 'No las quiere', '2017-04-07 14:24:27', '2017-04-07 14:24:27'),
	(1013, 11, 4, 4, -400, '1', 0, 'Las cambia por otras', '2017-04-07 14:24:38', '2017-04-07 14:24:38'),
	(1014, 12, 4, 4, -400, '1', 0, 'Las cambia por otras', '2017-04-07 14:24:38', '2017-04-07 14:24:38'),
	(1015, 61, 4, 4, 400, '1', 0, 'Normal', '2017-04-07 14:24:44', '2017-04-10 13:24:04'),
	(1016, 62, 4, 4, 400, '1', 0, 'Normal', '2017-04-07 14:24:44', '2017-04-10 13:24:09'),
	(1017, 9, 4, 4, 325, '0', 0, 'Union MusicaFuensal.', '2017-04-10 09:09:01', '2017-04-10 09:09:01'),
	(1018, 10, 4, 4, 325, '0', 0, 'Union MusicaFuensal.', '2017-04-10 09:09:01', '2017-04-10 09:09:01'),
	(1019, 11, 4, 4, 325, '0', 0, 'Union MusicaFuensal.', '2017-04-10 09:09:01', '2017-04-10 09:09:01'),
	(1020, 12, 4, 4, 325, '0', 0, 'Union MusicaFuensal.', '2017-04-10 09:09:01', '2017-04-10 09:09:01'),
	(1021, 39, 4, 4, -325, '1', 0, 'Uno', '2017-04-10 13:23:37', '2017-04-10 13:23:37'),
	(1022, 40, 4, 4, -325, '1', 0, 'dos', '2017-04-10 13:23:43', '2017-04-10 13:23:43'),
	(1023, 41, 4, 4, -325, '1', 0, 'tres', '2017-04-10 13:23:48', '2017-04-10 13:23:48'),
	(1024, 42, 4, 4, -325, '1', 0, 'cuatro', '2017-04-10 13:23:57', '2017-04-10 13:23:57'),
	(1025, 61, 4, 4, -400, '1', 0, 'cinco', '2017-04-10 13:24:04', '2017-04-10 13:24:04'),
	(1026, 62, 4, 4, -400, '1', 0, 'seis', '2017-04-10 13:24:09', '2017-04-10 13:24:09'),
	(1027, 44, 4, 4, -400, '1', 0, 'siete', '2017-04-10 13:24:14', '2017-04-10 13:24:14'),
	(1028, 151, 4, 3, -350, '1', 0, 'Cosas', '2017-04-10 14:29:36', '2017-04-10 14:29:36'),
	(1029, 150, 4, 3, -350, '1', 0, 'Cosas', '2017-04-10 14:29:36', '2017-04-10 14:29:36'),
	(1030, 149, 4, 3, -350, '1', 0, 'Algo 1', '2017-04-10 14:29:42', '2017-04-10 14:29:42'),
	(1031, 148, 4, 3, -400, '1', 0, 'Algo 1', '2017-04-10 14:29:42', '2017-04-10 14:29:42'),
	(1032, 147, 4, 3, -400, '1', 0, 'Algo 3', '2017-04-10 14:29:48', '2017-04-10 14:29:48'),
	(1033, 146, 4, 3, -400, '1', 0, 'Algo 3', '2017-04-10 14:29:48', '2017-04-10 14:29:48'),
	(1034, 145, 4, 3, -400, '1', 0, 'Algo menos y mas', '2017-04-10 14:30:04', '2017-04-10 14:30:04'),
	(1035, 144, 4, 3, -400, '1', 0, 'Algo menos y mas', '2017-04-10 14:30:04', '2017-04-10 14:30:04'),
	(1036, 91, 4, 3, -400, '1', 0, 'Algo menos y mas', '2017-04-10 14:30:04', '2017-04-10 14:30:04'),
	(1037, 92, 4, 3, -400, '1', 0, 'Algo menos y mas', '2017-04-10 14:30:04', '2017-04-10 14:30:04'),
	(1038, 93, 4, 3, -400, '1', 0, 'Algo menos y mas', '2017-04-10 14:30:04', '2017-04-10 14:30:04'),
	(1039, 94, 4, 3, -400, '1', 0, 'Algo menos y mas', '2017-04-10 14:30:04', '2017-04-10 14:30:04'),
	(1040, 95, 4, 3, -400, '1', 0, 'Algo menos y mas', '2017-04-10 14:30:04', '2017-04-10 14:30:04'),
	(1041, 96, 4, 3, -400, '1', 0, 'Algo menos y mas', '2017-04-10 14:30:05', '2017-04-10 14:30:05'),
	(1042, 114, 4, 3, -400, '1', 0, 'Algo menos y mas', '2017-04-10 14:30:05', '2017-04-10 14:30:05'),
	(1043, 113, 4, 3, -400, '1', 0, 'Algo menos y mas', '2017-04-10 14:30:05', '2017-04-10 14:30:05'),
	(1044, 112, 4, 3, -400, '1', 0, 'Algo menos y mas', '2017-04-10 14:30:05', '2017-04-10 14:30:05'),
	(1045, 111, 4, 3, -400, '1', 0, 'Algo menos y mas', '2017-04-10 14:30:05', '2017-04-10 14:30:05'),
	(1046, 77, 4, 3, -400, '1', 0, 'Algo menos y mas', '2017-04-10 14:30:05', '2017-04-10 14:30:05'),
	(1047, 78, 4, 3, -400, '1', 0, 'Algo menos y mas', '2017-04-10 14:30:05', '2017-04-10 14:30:05'),
	(1048, 133, 4, 3, -350, '1', 0, 'Algo menos y mas', '2017-04-10 14:30:05', '2017-04-10 14:30:05'),
	(1049, 152, 4, 3, -400, '1', 0, 'Algo menos y mas', '2017-04-10 14:30:05', '2017-04-10 14:30:05'),
	(1050, 153, 4, 3, -400, '1', 0, 'Algo menos y mas', '2017-04-10 14:30:05', '2017-04-10 14:30:05'),
	(1051, 154, 4, 3, -400, '1', 0, 'Algo menos y mas', '2017-04-10 14:30:05', '2017-04-10 14:30:05'),
	(1052, 155, 4, 3, -400, '1', 0, 'Algo menos y mas', '2017-04-10 14:30:05', '2017-04-10 14:30:05'),
	(1053, 156, 4, 3, -400, '1', 0, 'Algo menos y mas', '2017-04-10 14:30:06', '2017-04-10 14:30:06'),
	(1054, 157, 4, 3, -400, '1', 0, 'Algo menos y mas', '2017-04-10 14:30:06', '2017-04-10 14:30:06'),
	(1055, 79, 4, 3, -400, '1', 0, 'Mas devol', '2017-04-10 14:30:26', '2017-04-10 14:30:26'),
	(1056, 80, 4, 3, -400, '1', 0, 'Mas devol', '2017-04-10 14:30:27', '2017-04-10 14:30:27'),
	(1057, 61, 4, 3, -400, '1', 0, 'Mas devol', '2017-04-10 14:30:27', '2017-04-10 14:30:27'),
	(1058, 62, 4, 3, -400, '1', 0, 'Mas devol', '2017-04-10 14:30:27', '2017-04-10 14:30:27'),
	(1059, 43, 4, 3, -400, '1', 0, 'Mas devol', '2017-04-10 14:30:27', '2017-04-10 14:30:27'),
	(1060, 44, 4, 3, -400, '1', 0, 'Mas devol', '2017-04-10 14:30:27', '2017-04-10 14:30:27'),
	(1061, 45, 4, 3, -400, '1', 0, 'Mas devol', '2017-04-10 14:30:27', '2017-04-10 14:30:27'),
	(1062, 26, 4, 3, -400, '1', 0, 'Mas devol', '2017-04-10 14:30:27', '2017-04-10 14:30:27'),
	(1063, 9, 4, 3, -400, '1', 0, 'Mas devol', '2017-04-10 14:30:27', '2017-04-10 14:30:27'),
	(1064, 10, 4, 3, -400, '1', 0, 'Mas devol', '2017-04-10 14:30:27', '2017-04-10 14:30:27'),
	(1065, 27, 4, 3, -400, '1', 0, 'Mas devol', '2017-04-10 14:30:27', '2017-04-10 14:30:27'),
	(1066, 28, 4, 3, -400, '1', 0, 'Mas devol', '2017-04-10 14:30:27', '2017-04-10 14:30:27'),
	(1067, 11, 4, 3, -400, '1', 0, 'Mas devol', '2017-04-10 14:30:27', '2017-04-10 14:30:27'),
	(1068, 12, 4, 3, -400, '1', 0, 'Mas devol', '2017-04-10 14:30:27', '2017-04-10 14:30:27'),
	(1069, 29, 4, 3, -400, '1', 0, 'Mas devol', '2017-04-10 14:30:27', '2017-04-10 14:30:27'),
	(1070, 30, 4, 3, -400, '1', 0, 'Mas devol', '2017-04-10 14:30:28', '2017-04-10 14:30:28'),
	(1071, 13, 4, 3, -400, '1', 0, 'Mas devol', '2017-04-10 14:30:28', '2017-04-10 14:30:28'),
	(1072, 14, 4, 3, -400, '1', 0, 'Mas devol', '2017-04-10 14:30:28', '2017-04-10 14:30:28'),
	(1073, 31, 4, 3, -400, '1', 0, 'Mas devol', '2017-04-10 14:30:28', '2017-04-10 14:30:28'),
	(1074, 32, 4, 3, -400, '1', 0, 'Mas devol', '2017-04-10 14:30:28', '2017-04-10 14:30:28'),
	(1075, 15, 4, 3, -400, '1', 0, 'Mas devol', '2017-04-10 14:30:28', '2017-04-10 14:30:28'),
	(1076, 16, 4, 3, -400, '1', 0, 'Mas devol', '2017-04-10 14:30:28', '2017-04-10 14:30:28'),
	(1077, 33, 4, 3, -400, '1', 0, 'Mas devol', '2017-04-10 14:30:28', '2017-04-10 14:30:28'),
	(1078, 17, 4, 3, -400, '1', 0, 'Mas devol', '2017-04-10 14:30:28', '2017-04-10 14:30:28'),
	(1079, 60, 4, 3, -400, '1', 0, 'No quieren venir a nada', '2017-04-10 14:30:45', '2017-04-10 14:30:45'),
	(1080, 59, 4, 3, -400, '1', 0, 'No quieren venir a nada', '2017-04-10 14:30:45', '2017-04-10 14:30:45'),
	(1081, 40, 4, 3, -400, '1', 0, 'No quieren venir a nada', '2017-04-10 14:30:45', '2017-04-10 14:30:46'),
	(1082, 41, 4, 3, -400, '1', 0, 'No quieren venir a nada', '2017-04-10 14:30:46', '2017-04-10 14:30:46'),
	(1083, 42, 4, 3, -400, '1', 0, 'No quieren venir a nada', '2017-04-10 14:30:46', '2017-04-10 14:30:46'),
	(1084, 25, 4, 3, -400, '1', 0, 'No quieren venir a nada', '2017-04-10 14:30:46', '2017-04-10 14:30:46'),
	(1085, 24, 4, 3, -400, '1', 0, 'No quieren venir a nada', '2017-04-10 14:30:46', '2017-04-10 14:30:46'),
	(1086, 23, 4, 3, -400, '1', 0, 'No quieren venir a nada', '2017-04-10 14:30:46', '2017-04-10 14:30:46'),
	(1087, 22, 4, 3, -400, '1', 0, 'No quieren venir a nada', '2017-04-10 14:30:46', '2017-04-10 14:30:46'),
	(1088, 21, 4, 3, -400, '1', 0, 'No quieren venir a nada', '2017-04-10 14:30:46', '2017-04-10 14:30:46'),
	(1089, 20, 4, 3, -400, '1', 0, 'No quieren venir a nada', '2017-04-10 14:30:46', '2017-04-10 14:30:46'),
	(1090, 19, 4, 3, -400, '1', 0, 'No quieren venir a nada', '2017-04-10 14:30:46', '2017-04-10 14:30:46'),
	(1091, 4, 4, 3, -400, '1', 0, 'No quieren venir a nada', '2017-04-10 14:30:46', '2017-04-10 14:30:46'),
	(1092, 5, 4, 3, -400, '1', 0, 'No quieren venir a nada', '2017-04-10 14:30:46', '2017-04-10 14:30:46'),
	(1093, 6, 4, 3, -400, '1', 0, 'No quieren venir a nada', '2017-04-10 14:30:46', '2017-04-10 14:30:46'),
	(1094, 7, 4, 3, -400, '1', 0, 'No quieren venir a nada', '2017-04-10 14:30:46', '2017-04-10 14:30:46'),
	(1095, 8, 4, 3, -400, '1', 0, 'No quieren venir a nada', '2017-04-10 14:30:46', '2017-04-10 14:30:46'),
	(1096, 5, 4, 3, 400, '0', 0, 'Normal', '2017-04-10 14:35:13', '2017-04-10 14:35:13'),
	(1097, 6, 4, 3, 400, '0', 0, 'Normal', '2017-04-10 14:35:13', '2017-04-10 14:35:13'),
	(1098, 7, 4, 3, 400, '0', 0, 'Normal', '2017-04-10 14:35:13', '2017-04-10 14:35:13'),
	(1099, 8, 4, 3, 400, '0', 0, 'Normal', '2017-04-10 14:35:13', '2017-04-10 14:35:13'),
	(1100, 18, 4, 3, 400, '0', 0, 'Normal', '2017-04-10 14:35:38', '2017-04-10 14:35:38'),
	(1101, 19, 4, 3, 400, '0', 0, 'Normal', '2017-04-10 14:35:38', '2017-04-10 14:35:38'),
	(1102, 3, 4, 3, 400, '0', 0, 'Normal', '2017-04-10 14:35:38', '2017-04-10 14:35:38'),
	(1103, 21, 4, 3, 400, '0', 0, 'Normal', '2017-04-10 14:35:39', '2017-04-10 14:35:39'),
	(1104, 20, 4, 3, 400, '0', 0, 'Normal', '2017-04-10 14:35:39', '2017-04-10 14:35:39'),
	(1105, 22, 4, 3, 400, '0', 0, 'Normal', '2017-04-10 14:35:39', '2017-04-10 14:35:39'),
	(1106, 23, 4, 3, 400, '0', 0, 'Normal', '2017-04-10 14:35:39', '2017-04-10 14:35:39'),
	(1107, 24, 4, 3, 400, '0', 0, 'Normal', '2017-04-10 14:35:39', '2017-04-10 14:35:39'),
	(1108, 25, 4, 3, 400, '0', 0, 'Normal', '2017-04-10 14:35:39', '2017-04-10 14:35:39'),
	(1109, 26, 4, 3, 400, '0', 0, 'Normal', '2017-04-10 14:35:39', '2017-04-10 14:35:39'),
	(1110, 27, 4, 3, 400, '0', 0, 'Normal', '2017-04-10 14:35:39', '2017-04-10 14:35:39'),
	(1111, 28, 4, 3, 400, '0', 0, 'Normal', '2017-04-10 14:35:39', '2017-04-10 14:35:39'),
	(1112, 29, 4, 3, 400, '0', 0, 'Normal', '2017-04-10 14:35:39', '2017-04-10 14:35:39'),
	(1113, 30, 4, 3, 400, '0', 0, 'Normal', '2017-04-10 14:35:39', '2017-04-10 14:35:39'),
	(1114, 31, 4, 3, 400, '0', 0, 'Normal', '2017-04-10 14:35:39', '2017-04-10 14:35:39'),
	(1115, 32, 4, 3, 400, '0', 0, 'Normal', '2017-04-10 14:35:39', '2017-04-10 14:35:39'),
	(1116, 33, 4, 3, 400, '0', 0, 'Normal', '2017-04-10 14:35:39', '2017-04-10 14:35:39'),
	(1117, 34, 4, 3, 400, '0', 0, 'Normal', '2017-04-10 14:35:39', '2017-04-10 14:35:39'),
	(1118, 35, 4, 3, 400, '0', 0, 'Normal', '2017-04-10 14:35:39', '2017-04-10 14:35:39'),
	(1119, 36, 4, 3, 400, '0', 0, 'Normal', '2017-04-10 14:35:39', '2017-04-10 14:35:39'),
	(1120, 37, 4, 3, 400, '0', 0, 'Normal', '2017-04-10 14:35:39', '2017-04-10 14:35:39'),
	(1121, 38, 4, 3, 400, '0', 0, 'Normal', '2017-04-10 14:35:39', '2017-04-10 14:35:39'),
	(1122, 39, 4, 3, 400, '0', 0, 'Normal', '2017-04-10 14:35:39', '2017-04-10 14:35:39'),
	(1123, 40, 4, 3, 400, '0', 0, 'Normal', '2017-04-10 14:35:40', '2017-04-10 14:35:40'),
	(1124, 41, 4, 3, 400, '0', 0, 'Normal', '2017-04-10 14:35:40', '2017-04-10 14:35:40'),
	(1125, 42, 4, 3, 400, '0', 0, 'Normal', '2017-04-10 14:35:40', '2017-04-10 14:35:40'),
	(1126, 43, 4, 3, 400, '0', 0, 'Normal', '2017-04-10 14:35:40', '2017-04-10 14:35:40'),
	(1127, 44, 4, 3, 400, '0', 0, 'Normal', '2017-04-10 14:35:40', '2017-04-10 14:35:40'),
	(1128, 45, 4, 3, 400, '0', 0, 'Normal', '2017-04-10 14:35:40', '2017-04-10 14:35:40'),
	(1129, 46, 4, 3, 400, '0', 0, 'Normal', '2017-04-10 14:35:40', '2017-04-10 14:35:40'),
	(1130, 47, 4, 3, 400, '0', 0, 'Normal', '2017-04-10 14:35:40', '2017-04-10 14:35:40'),
	(1131, 48, 4, 3, 400, '0', 0, 'Normal', '2017-04-10 14:35:40', '2017-04-10 14:35:40'),
	(1132, 49, 4, 3, 400, '0', 0, 'Normal', '2017-04-10 14:35:40', '2017-04-10 14:35:40'),
	(1133, 50, 4, 3, 400, '0', 0, 'Normal', '2017-04-10 14:35:40', '2017-04-10 14:35:40'),
	(1134, 51, 4, 3, 400, '0', 0, 'Normal', '2017-04-10 14:35:40', '2017-04-10 14:35:40'),
	(1135, 52, 4, 3, 400, '0', 0, 'Normal', '2017-04-10 14:35:40', '2017-04-10 14:35:40'),
	(1136, 53, 4, 3, 400, '0', 0, 'Normal', '2017-04-10 14:35:40', '2017-04-10 14:35:40'),
	(1137, 54, 4, 3, 400, '0', 0, 'Normal', '2017-04-10 14:35:40', '2017-04-10 14:35:40'),
	(1138, 55, 4, 3, 400, '0', 0, 'Normal', '2017-04-10 14:35:40', '2017-04-10 14:35:40'),
	(1139, 56, 4, 3, 400, '0', 0, 'Normal', '2017-04-10 14:35:40', '2017-04-10 14:35:40'),
	(1140, 57, 4, 3, 400, '0', 0, 'Normal', '2017-04-10 14:35:40', '2017-04-10 14:35:40'),
	(1141, 58, 4, 3, 400, '0', 0, 'Normal', '2017-04-10 14:35:40', '2017-04-10 14:35:40'),
	(1142, 59, 4, 3, 400, '0', 0, 'Normal', '2017-04-10 14:35:40', '2017-04-10 14:35:40'),
	(1143, 60, 4, 3, 400, '0', 0, 'Normal', '2017-04-10 14:35:41', '2017-04-10 14:35:41'),
	(1144, 61, 4, 3, 400, '0', 0, 'Normal', '2017-04-10 14:35:41', '2017-04-10 14:35:41'),
	(1145, 62, 4, 3, 400, '0', 0, 'Normal', '2017-04-10 14:35:41', '2017-04-10 14:35:41'),
	(1146, 63, 4, 3, 400, '0', 0, 'Normal', '2017-04-10 14:35:41', '2017-04-10 14:35:41'),
	(1147, 64, 4, 3, 400, '0', 0, 'Normal', '2017-04-10 14:35:41', '2017-04-10 14:35:41'),
	(1148, 65, 4, 3, 400, '0', 0, 'Normal', '2017-04-10 14:35:41', '2017-04-10 14:35:41'),
	(1149, 66, 4, 3, 400, '0', 0, 'Normal', '2017-04-10 14:35:41', '2017-04-10 14:35:41'),
	(1150, 67, 4, 3, 400, '0', 0, 'Normal', '2017-04-10 14:35:41', '2017-04-10 14:35:41'),
	(1151, 68, 4, 3, 400, '0', 0, 'Normal', '2017-04-10 14:35:41', '2017-04-10 14:35:41'),
	(1152, 69, 4, 3, 400, '0', 0, 'Normal', '2017-04-10 14:35:41', '2017-04-10 14:35:41'),
	(1153, 70, 4, 3, 400, '0', 0, 'Normal', '2017-04-10 14:35:41', '2017-04-10 14:35:41'),
	(1154, 71, 4, 3, 400, '0', 0, 'Normal', '2017-04-10 14:35:41', '2017-04-10 14:35:41'),
	(1155, 72, 4, 3, 400, '0', 0, 'Normal', '2017-04-10 14:35:41', '2017-04-10 14:35:41'),
	(1156, 73, 4, 3, 400, '0', 0, 'Normal', '2017-04-10 14:35:41', '2017-04-10 14:35:41'),
	(1157, 74, 4, 3, 400, '0', 0, 'Normal', '2017-04-10 14:35:41', '2017-04-10 14:35:41'),
	(1158, 75, 4, 3, 400, '0', 0, 'Normal', '2017-04-10 14:35:41', '2017-04-10 14:35:41'),
	(1159, 76, 4, 3, 400, '0', 0, 'Normal', '2017-04-10 14:35:41', '2017-04-10 14:35:41'),
	(1160, 77, 4, 3, 400, '0', 0, 'Normal', '2017-04-10 14:35:41', '2017-04-10 14:35:41'),
	(1161, 78, 4, 3, 400, '0', 0, 'Normal', '2017-04-10 14:35:41', '2017-04-10 14:35:41'),
	(1162, 79, 4, 3, 400, '0', 0, 'Normal', '2017-04-10 14:35:42', '2017-04-10 14:35:42'),
	(1163, 80, 4, 3, 400, '0', 0, 'Normal', '2017-04-10 14:35:42', '2017-04-10 14:35:42'),
	(1164, 81, 4, 3, 400, '0', 0, 'Normal', '2017-04-10 14:35:42', '2017-04-10 14:35:42'),
	(1165, 82, 4, 3, 400, '0', 0, 'Normal', '2017-04-10 14:35:42', '2017-04-10 14:35:42'),
	(1166, 83, 4, 3, 400, '0', 0, 'Normal', '2017-04-10 14:35:42', '2017-04-10 14:35:42'),
	(1167, 84, 4, 3, 400, '0', 0, 'Normal', '2017-04-10 14:35:42', '2017-04-10 14:35:42'),
	(1168, 85, 4, 3, 400, '0', 0, 'Normal', '2017-04-10 14:35:42', '2017-04-10 14:35:42'),
	(1169, 86, 4, 3, 400, '0', 0, 'Normal', '2017-04-10 14:35:42', '2017-04-10 14:35:42'),
	(1170, 87, 4, 3, 400, '0', 0, 'Normal', '2017-04-10 14:35:42', '2017-04-10 14:35:42');
/*!40000 ALTER TABLE `tickets` ENABLE KEYS */;

-- Volcando estructura para tabla cdc.usuarios
CREATE TABLE IF NOT EXISTS `usuarios` (
  `idUsuario` int(11) NOT NULL,
  `Nick` varchar(15) NOT NULL,
  `Pass` varchar(50) NOT NULL COMMENT 'Hash de la contraseña',
  `Nombre` varchar(50) NOT NULL COMMENT 'Nombe y apellidos',
  `FechaMod` datetime NOT NULL COMMENT 'Ultima fecha de modificación',
  PRIMARY KEY (`idUsuario`)
) ENGINE=InnoDB DEFAULT CHARSET=utf8 COMMENT='Personal que va a utilizar la aplicación';

-- Volcando datos para la tabla cdc.usuarios: ~0 rows (aproximadamente)
/*!40000 ALTER TABLE `usuarios` DISABLE KEYS */;
/*!40000 ALTER TABLE `usuarios` ENABLE KEYS */;

/*!40101 SET SQL_MODE=IFNULL(@OLD_SQL_MODE, '') */;
/*!40014 SET FOREIGN_KEY_CHECKS=IF(@OLD_FOREIGN_KEY_CHECKS IS NULL, 1, @OLD_FOREIGN_KEY_CHECKS) */;
/*!40101 SET CHARACTER_SET_CLIENT=@OLD_CHARACTER_SET_CLIENT */;
