-- --------------------------------------------------------
-- Host:                         127.0.0.1
-- Versión del servidor:         10.1.21-MariaDB - mariadb.org binary distribution
-- SO del servidor:              Win64
-- HeidiSQL Versión:             9.4.0.5125
-- --------------------------------------------------------

/*!40101 SET @OLD_CHARACTER_SET_CLIENT=@@CHARACTER_SET_CLIENT */;
/*!40101 SET NAMES utf8 */;
/*!50503 SET NAMES utf8mb4 */;
/*!40014 SET @OLD_FOREIGN_KEY_CHECKS=@@FOREIGN_KEY_CHECKS, FOREIGN_KEY_CHECKS=0 */;
/*!40101 SET @OLD_SQL_MODE=@@SQL_MODE, SQL_MODE='NO_AUTO_VALUE_ON_ZERO' */;


-- Volcando estructura de base de datos para cdc
CREATE DATABASE IF NOT EXISTS `cdc` /*!40100 DEFAULT CHARACTER SET utf8 */;
USE `cdc`;

-- Volcando estructura para tabla cdc.actividades
CREATE TABLE IF NOT EXISTS `actividades` (
  `idActividad` int(11) NOT NULL AUTO_INCREMENT,
  `Descripcion` varchar(50) NOT NULL DEFAULT '0',
  `Compania` varchar(50) NOT NULL DEFAULT '0',
  PRIMARY KEY (`idActividad`)
) ENGINE=InnoDB AUTO_INCREMENT=5 DEFAULT CHARSET=utf8 COMMENT='Aquí se guardarán las obras, conciertos, ... que haya, pero existe una tabla sesiones que será para ver cuantas sesiones hay de cada obra, concierto, ...';

-- Volcando datos para la tabla cdc.actividades: ~2 rows (aproximadamente)
/*!40000 ALTER TABLE `actividades` DISABLE KEYS */;
INSERT IGNORE INTO `actividades` (`idActividad`, `Descripcion`, `Compania`) VALUES
	(3, 'Concierto Coral', 'Coral San Jose'),
	(4, 'Encuentro de Bandas', 'UMF');
/*!40000 ALTER TABLE `actividades` ENABLE KEYS */;

-- Volcando estructura para tabla cdc.butacas
CREATE TABLE IF NOT EXISTS `butacas` (
  `idButaca` int(11) NOT NULL AUTO_INCREMENT,
  `Fila` int(11) NOT NULL,
  `Asiento` int(11) NOT NULL,
  PRIMARY KEY (`idButaca`)
) ENGINE=InnoDB AUTO_INCREMENT=467 DEFAULT CHARSET=utf8 COMMENT='Guardaremos todas las entradas vendidas';

-- Volcando datos para la tabla cdc.butacas: ~466 rows (aproximadamente)
/*!40000 ALTER TABLE `butacas` DISABLE KEYS */;
INSERT IGNORE INTO `butacas` (`idButaca`, `Fila`, `Asiento`) VALUES
	(1, 1, 16),
	(2, 1, 14),
	(3, 1, 12),
	(4, 1, 10),
	(5, 1, 8),
	(6, 1, 6),
	(7, 1, 4),
	(8, 1, 2),
	(9, 1, 1),
	(10, 1, 3),
	(11, 1, 5),
	(12, 1, 7),
	(13, 1, 9),
	(14, 1, 11),
	(15, 1, 13),
	(16, 1, 15),
	(17, 1, 17),
	(18, 2, 16),
	(19, 2, 14),
	(20, 2, 12),
	(21, 2, 10),
	(22, 2, 8),
	(23, 2, 6),
	(24, 2, 4),
	(25, 2, 2),
	(26, 2, 1),
	(27, 2, 3),
	(28, 2, 5),
	(29, 2, 7),
	(30, 2, 9),
	(31, 2, 11),
	(32, 2, 13),
	(33, 2, 15),
	(34, 2, 17),
	(35, 3, 16),
	(36, 3, 14),
	(37, 3, 12),
	(38, 3, 10),
	(39, 3, 8),
	(40, 3, 6),
	(41, 3, 4),
	(42, 3, 2),
	(43, 3, 1),
	(44, 3, 3),
	(45, 3, 5),
	(46, 3, 7),
	(47, 3, 9),
	(48, 3, 11),
	(49, 3, 13),
	(50, 3, 15),
	(51, 3, 17),
	(52, 4, 18),
	(53, 4, 16),
	(54, 4, 14),
	(55, 4, 12),
	(56, 4, 10),
	(57, 4, 8),
	(58, 4, 6),
	(59, 4, 4),
	(60, 4, 2),
	(61, 4, 1),
	(62, 4, 3),
	(63, 4, 5),
	(64, 4, 7),
	(65, 4, 9),
	(66, 4, 11),
	(67, 4, 13),
	(68, 4, 15),
	(69, 4, 17),
	(70, 5, 18),
	(71, 5, 16),
	(72, 5, 14),
	(73, 5, 12),
	(74, 5, 10),
	(75, 5, 8),
	(76, 5, 6),
	(77, 5, 4),
	(78, 5, 2),
	(79, 5, 1),
	(80, 5, 3),
	(81, 5, 5),
	(82, 5, 7),
	(83, 5, 9),
	(84, 5, 11),
	(85, 5, 13),
	(86, 5, 15),
	(87, 5, 17),
	(88, 6, 18),
	(89, 6, 16),
	(90, 6, 14),
	(91, 6, 12),
	(92, 6, 10),
	(93, 6, 8),
	(94, 6, 6),
	(95, 6, 4),
	(96, 6, 2),
	(97, 6, 1),
	(98, 6, 3),
	(99, 6, 5),
	(100, 6, 7),
	(101, 6, 9),
	(102, 6, 11),
	(103, 6, 13),
	(104, 6, 15),
	(105, 6, 17),
	(106, 7, 18),
	(107, 7, 16),
	(108, 7, 14),
	(109, 7, 12),
	(110, 7, 10),
	(111, 7, 8),
	(112, 7, 6),
	(113, 7, 4),
	(114, 7, 2),
	(115, 7, 1),
	(116, 7, 3),
	(117, 7, 5),
	(118, 7, 7),
	(119, 7, 9),
	(120, 7, 11),
	(121, 7, 13),
	(122, 7, 15),
	(123, 7, 17),
	(124, 8, 18),
	(125, 8, 16),
	(126, 8, 14),
	(127, 8, 12),
	(128, 8, 10),
	(129, 8, 8),
	(130, 8, 6),
	(131, 8, 4),
	(132, 8, 2),
	(133, 8, 1),
	(134, 8, 3),
	(135, 8, 5),
	(136, 8, 7),
	(137, 8, 9),
	(138, 8, 11),
	(139, 8, 13),
	(140, 8, 15),
	(141, 8, 17),
	(142, 9, 20),
	(143, 9, 18),
	(144, 9, 16),
	(145, 9, 14),
	(146, 9, 12),
	(147, 9, 10),
	(148, 9, 8),
	(149, 9, 6),
	(150, 9, 4),
	(151, 9, 2),
	(152, 9, 1),
	(153, 9, 3),
	(154, 9, 5),
	(155, 9, 7),
	(156, 9, 9),
	(157, 9, 11),
	(158, 9, 13),
	(159, 9, 15),
	(160, 9, 17),
	(161, 10, 24),
	(162, 10, 22),
	(163, 10, 20),
	(164, 10, 18),
	(165, 10, 16),
	(166, 10, 14),
	(167, 10, 12),
	(168, 10, 10),
	(169, 10, 8),
	(170, 10, 6),
	(171, 10, 4),
	(172, 10, 2),
	(173, 10, 1),
	(174, 10, 3),
	(175, 10, 5),
	(176, 10, 7),
	(177, 10, 9),
	(178, 10, 11),
	(179, 10, 13),
	(180, 10, 15),
	(181, 10, 17),
	(182, 11, 24),
	(183, 11, 22),
	(184, 11, 20),
	(185, 11, 18),
	(186, 11, 16),
	(187, 11, 14),
	(188, 11, 12),
	(189, 11, 10),
	(190, 11, 8),
	(191, 11, 6),
	(192, 11, 4),
	(193, 11, 2),
	(194, 11, 1),
	(195, 11, 3),
	(196, 11, 5),
	(197, 11, 7),
	(198, 11, 9),
	(199, 11, 11),
	(200, 11, 13),
	(201, 11, 15),
	(202, 11, 17),
	(203, 12, 24),
	(204, 12, 22),
	(205, 12, 20),
	(206, 12, 18),
	(207, 12, 16),
	(208, 12, 14),
	(209, 12, 12),
	(210, 12, 10),
	(211, 12, 8),
	(212, 12, 6),
	(213, 12, 4),
	(214, 12, 2),
	(215, 12, 1),
	(216, 12, 3),
	(217, 12, 5),
	(218, 12, 7),
	(219, 12, 9),
	(220, 12, 11),
	(221, 12, 13),
	(222, 12, 15),
	(223, 12, 17),
	(224, 13, 24),
	(225, 13, 22),
	(226, 13, 20),
	(227, 13, 18),
	(228, 13, 16),
	(229, 13, 14),
	(230, 13, 12),
	(231, 13, 10),
	(232, 13, 8),
	(233, 13, 6),
	(234, 13, 4),
	(235, 13, 2),
	(236, 13, 1),
	(237, 13, 3),
	(238, 13, 5),
	(239, 13, 7),
	(240, 13, 9),
	(241, 13, 11),
	(242, 13, 13),
	(243, 13, 15),
	(244, 13, 17),
	(245, 14, 24),
	(246, 14, 22),
	(247, 14, 20),
	(248, 14, 18),
	(249, 14, 16),
	(250, 14, 14),
	(251, 14, 12),
	(252, 14, 10),
	(253, 14, 8),
	(254, 14, 6),
	(255, 14, 4),
	(256, 14, 2),
	(257, 14, 1),
	(258, 14, 3),
	(259, 14, 5),
	(260, 14, 7),
	(261, 14, 9),
	(262, 14, 11),
	(263, 14, 13),
	(264, 14, 15),
	(265, 14, 17),
	(266, 15, 26),
	(267, 15, 24),
	(268, 15, 22),
	(269, 15, 20),
	(270, 15, 18),
	(271, 15, 16),
	(272, 15, 14),
	(273, 15, 12),
	(274, 15, 10),
	(275, 15, 8),
	(276, 15, 6),
	(277, 15, 4),
	(278, 15, 2),
	(279, 15, 1),
	(280, 15, 3),
	(281, 15, 5),
	(282, 15, 7),
	(283, 15, 9),
	(284, 15, 11),
	(285, 15, 13),
	(286, 15, 15),
	(287, 15, 17),
	(288, 16, 26),
	(289, 16, 24),
	(290, 16, 22),
	(291, 16, 20),
	(292, 16, 18),
	(293, 16, 16),
	(294, 16, 14),
	(295, 16, 12),
	(296, 16, 10),
	(297, 16, 8),
	(298, 16, 6),
	(299, 16, 4),
	(300, 16, 2),
	(301, 16, 1),
	(302, 16, 3),
	(303, 16, 5),
	(304, 16, 7),
	(305, 16, 9),
	(306, 16, 11),
	(307, 16, 13),
	(308, 16, 15),
	(309, 16, 17),
	(310, 17, 26),
	(311, 17, 24),
	(312, 17, 22),
	(313, 17, 20),
	(314, 17, 18),
	(315, 17, 16),
	(316, 17, 14),
	(317, 17, 12),
	(318, 17, 10),
	(319, 17, 8),
	(320, 17, 6),
	(321, 17, 4),
	(322, 17, 2),
	(323, 17, 1),
	(324, 17, 3),
	(325, 17, 5),
	(326, 17, 7),
	(327, 17, 9),
	(328, 17, 11),
	(329, 17, 13),
	(330, 17, 15),
	(331, 17, 17),
	(332, 18, 26),
	(333, 18, 24),
	(334, 18, 22),
	(335, 18, 20),
	(336, 18, 18),
	(337, 18, 16),
	(338, 18, 14),
	(339, 18, 12),
	(340, 18, 10),
	(341, 18, 8),
	(342, 18, 6),
	(343, 18, 4),
	(344, 18, 2),
	(345, 18, 1),
	(346, 18, 3),
	(347, 18, 5),
	(348, 18, 7),
	(349, 18, 9),
	(350, 18, 11),
	(351, 18, 13),
	(352, 18, 15),
	(353, 18, 17),
	(354, 19, 26),
	(355, 19, 24),
	(356, 19, 22),
	(357, 19, 20),
	(358, 19, 18),
	(359, 19, 16),
	(360, 19, 14),
	(361, 19, 12),
	(362, 19, 10),
	(363, 19, 8),
	(364, 19, 6),
	(365, 19, 4),
	(366, 19, 2),
	(367, 19, 0),
	(368, 19, 19),
	(369, 19, 1),
	(370, 19, 3),
	(371, 19, 5),
	(372, 19, 7),
	(373, 19, 9),
	(374, 19, 11),
	(375, 19, 13),
	(376, 19, 15),
	(377, 19, 17),
	(378, 20, 20),
	(379, 20, 18),
	(380, 20, 16),
	(381, 20, 14),
	(382, 20, 12),
	(383, 20, 10),
	(384, 20, 8),
	(385, 20, 6),
	(386, 20, 4),
	(387, 20, 2),
	(388, 20, 1),
	(389, 20, 3),
	(390, 20, 5),
	(391, 20, 7),
	(392, 20, 9),
	(393, 20, 11),
	(394, 20, 13),
	(395, 20, 15),
	(396, 21, 20),
	(397, 21, 18),
	(398, 21, 16),
	(399, 21, 14),
	(400, 21, 12),
	(401, 21, 10),
	(402, 21, 8),
	(403, 21, 6),
	(404, 21, 4),
	(405, 21, 2),
	(406, 21, 1),
	(407, 21, 3),
	(408, 21, 5),
	(409, 21, 7),
	(410, 21, 9),
	(411, 21, 11),
	(412, 21, 13),
	(413, 21, 15),
	(414, 22, 20),
	(415, 22, 18),
	(416, 22, 16),
	(417, 22, 14),
	(418, 22, 12),
	(419, 22, 10),
	(420, 22, 8),
	(421, 22, 6),
	(422, 22, 4),
	(423, 22, 2),
	(424, 22, 1),
	(425, 22, 3),
	(426, 22, 5),
	(427, 22, 7),
	(428, 22, 9),
	(429, 22, 11),
	(430, 22, 13),
	(431, 22, 15),
	(432, 23, 20),
	(433, 23, 18),
	(434, 23, 16),
	(435, 23, 14),
	(436, 23, 12),
	(437, 23, 10),
	(438, 23, 8),
	(439, 23, 6),
	(440, 23, 4),
	(441, 23, 2),
	(442, 23, 17),
	(443, 23, 19),
	(444, 23, 21),
	(445, 23, 23),
	(446, 23, 1),
	(447, 23, 3),
	(448, 23, 5),
	(449, 23, 7),
	(450, 23, 9),
	(451, 23, 11),
	(452, 23, 13),
	(453, 23, 15),
	(454, 24, 20),
	(455, 24, 18),
	(456, 24, 16),
	(457, 24, 14),
	(458, 24, 12),
	(459, 24, 10),
	(460, 24, 8),
	(461, 24, 5),
	(462, 24, 7),
	(463, 24, 9),
	(464, 24, 11),
	(465, 24, 13),
	(466, 24, 15);
/*!40000 ALTER TABLE `butacas` ENABLE KEYS */;

-- Volcando estructura para tabla cdc.butacassesion
CREATE TABLE IF NOT EXISTS `butacassesion` (
  `idButaca` int(11) NOT NULL AUTO_INCREMENT,
  `idActividad` int(11) NOT NULL DEFAULT '0',
  `idSesion` int(11) NOT NULL DEFAULT '0',
  `idEstado` int(11) DEFAULT '0',
  `Motivo` varchar(100) DEFAULT '0',
  `FechaEstado` datetime DEFAULT CURRENT_TIMESTAMP,
  PRIMARY KEY (`idButaca`,`idActividad`,`idSesion`),
  KEY `FK_butacassesion_sesiones` (`idActividad`,`idSesion`),
  CONSTRAINT `FK_butacassesion_butacas` FOREIGN KEY (`idButaca`) REFERENCES `butacas` (`idButaca`),
  CONSTRAINT `FK_butacassesion_sesiones` FOREIGN KEY (`idActividad`, `idSesion`) REFERENCES `sesiones` (`idActividad`, `idSesion`)
) ENGINE=InnoDB AUTO_INCREMENT=414 DEFAULT CHARSET=utf8 COMMENT='Aqui veremos si uns butaca está libre, vendida, reservada o incluso que no se pueda vender. Si la butaca no está en la lista es que está libre.';

-- Volcando datos para la tabla cdc.butacassesion: ~4 rows (aproximadamente)
/*!40000 ALTER TABLE `butacassesion` DISABLE KEYS */;
INSERT IGNORE INTO `butacassesion` (`idButaca`, `idActividad`, `idSesion`, `idEstado`, `Motivo`, `FechaEstado`) VALUES
	(1, 3, 1, 1, '0', '2017-03-02 14:18:56'),
	(21, 3, 1, 6, '0', '2017-03-06 10:55:29'),
	(25, 3, 1, 5, '0', '2017-03-07 11:45:45'),
	(26, 3, 1, 1, '0', '2017-03-07 11:50:17'),
	(27, 3, 1, 2, '0', '2017-03-07 11:50:18'),
	(28, 3, 1, 3, '0', '2017-03-07 11:50:18'),
	(29, 3, 1, 3, '0', '2017-03-07 11:50:18'),
	(30, 3, 1, 4, '0', '2017-03-07 11:50:18'),
	(31, 3, 1, 4, '0', '2017-03-07 11:50:18'),
	(32, 3, 1, 5, '0', '2017-03-07 11:50:18'),
	(33, 3, 1, 1, '0', '2017-03-07 11:50:18'),
	(34, 3, 1, 6, '0', '2017-03-07 11:50:18'),
	(35, 3, 1, 1, '0', '2017-03-07 11:50:18'),
	(36, 3, 1, 2, '0', '2017-03-07 11:50:18'),
	(37, 3, 1, 3, '0', '2017-03-07 11:50:18'),
	(38, 3, 1, 3, '0', '2017-03-07 11:50:18'),
	(39, 3, 1, 4, '0', '2017-03-07 11:50:18'),
	(40, 3, 1, 4, '0', '2017-03-07 11:50:18'),
	(41, 3, 1, 5, '0', '2017-03-07 11:50:18'),
	(42, 3, 1, 1, '0', '2017-03-07 11:50:18'),
	(43, 3, 1, 6, '0', '2017-03-07 11:50:18'),
	(44, 3, 1, 1, '0', '2017-03-07 11:50:18'),
	(45, 3, 1, 2, '0', '2017-03-07 11:50:18'),
	(46, 3, 1, 3, '0', '2017-03-07 11:50:18'),
	(47, 3, 1, 3, '0', '2017-03-07 11:50:19'),
	(48, 3, 1, 4, '0', '2017-03-07 11:50:19'),
	(49, 3, 1, 4, '0', '2017-03-07 11:50:19'),
	(50, 3, 1, 5, '0', '2017-03-07 11:50:19'),
	(51, 3, 1, 1, '0', '2017-03-07 11:50:19'),
	(52, 3, 1, 6, '0', '2017-03-07 11:50:19'),
	(53, 3, 1, 1, '0', '2017-03-07 11:50:19'),
	(54, 3, 1, 2, '0', '2017-03-07 11:50:19'),
	(55, 3, 1, 3, '0', '2017-03-07 11:50:19'),
	(56, 3, 1, 3, '0', '2017-03-07 11:50:19'),
	(57, 3, 1, 4, '0', '2017-03-07 11:50:19'),
	(58, 3, 1, 4, '0', '2017-03-07 11:50:19'),
	(59, 3, 1, 5, '0', '2017-03-07 11:50:19'),
	(60, 3, 1, 1, '0', '2017-03-07 11:50:19'),
	(61, 3, 1, 6, '0', '2017-03-07 11:50:19'),
	(62, 3, 1, 1, '0', '2017-03-07 11:50:19'),
	(63, 3, 1, 2, '0', '2017-03-07 11:50:19'),
	(64, 3, 1, 3, '0', '2017-03-07 11:50:19'),
	(65, 3, 1, 3, '0', '2017-03-07 11:50:19'),
	(66, 3, 1, 4, '0', '2017-03-07 11:50:19'),
	(67, 3, 1, 4, '0', '2017-03-07 11:50:19'),
	(68, 3, 1, 5, '0', '2017-03-07 11:50:19'),
	(69, 3, 1, 1, '0', '2017-03-07 11:50:19'),
	(70, 3, 1, 6, '0', '2017-03-07 11:50:19'),
	(71, 3, 1, 1, '0', '2017-03-07 11:50:19'),
	(72, 3, 1, 2, '0', '2017-03-07 11:50:20'),
	(73, 3, 1, 3, '0', '2017-03-07 11:50:20'),
	(74, 3, 1, 3, '0', '2017-03-07 11:50:20'),
	(75, 3, 1, 4, '0', '2017-03-07 11:50:20'),
	(76, 3, 1, 4, '0', '2017-03-07 11:50:20'),
	(77, 3, 1, 5, '0', '2017-03-07 11:50:20'),
	(78, 3, 1, 1, '0', '2017-03-07 11:50:20'),
	(79, 3, 1, 6, '0', '2017-03-07 11:50:20'),
	(80, 3, 1, 1, '0', '2017-03-07 11:50:20'),
	(81, 3, 1, 2, '0', '2017-03-07 11:50:20'),
	(82, 3, 1, 3, '0', '2017-03-07 11:50:20'),
	(83, 3, 1, 3, '0', '2017-03-07 11:50:20'),
	(84, 3, 1, 4, '0', '2017-03-07 11:50:20'),
	(85, 3, 1, 4, '0', '2017-03-07 11:50:20'),
	(86, 3, 1, 5, '0', '2017-03-07 11:50:20'),
	(87, 3, 1, 1, '0', '2017-03-07 11:50:20'),
	(88, 3, 1, 6, '0', '2017-03-07 11:50:20'),
	(89, 3, 1, 1, '0', '2017-03-07 11:50:20'),
	(90, 3, 1, 2, '0', '2017-03-07 11:50:20'),
	(91, 3, 1, 3, '0', '2017-03-07 11:50:20'),
	(92, 3, 1, 3, '0', '2017-03-07 11:50:20'),
	(93, 3, 1, 4, '0', '2017-03-07 11:50:20'),
	(94, 3, 1, 4, '0', '2017-03-07 11:50:21'),
	(95, 3, 1, 5, '0', '2017-03-07 11:50:21'),
	(96, 3, 1, 1, '0', '2017-03-07 11:50:21'),
	(97, 3, 1, 6, '0', '2017-03-07 11:50:21'),
	(98, 3, 1, 1, '0', '2017-03-07 11:50:21'),
	(99, 3, 1, 2, '0', '2017-03-07 11:50:21'),
	(100, 3, 1, 3, '0', '2017-03-07 11:50:21'),
	(101, 3, 1, 3, '0', '2017-03-07 11:50:21'),
	(102, 3, 1, 4, '0', '2017-03-07 11:50:21'),
	(103, 3, 1, 4, '0', '2017-03-07 11:50:21'),
	(104, 3, 1, 5, '0', '2017-03-07 11:50:21'),
	(105, 3, 1, 1, '0', '2017-03-07 11:50:21'),
	(106, 3, 1, 6, '0', '2017-03-07 11:50:21'),
	(107, 3, 1, 1, '0', '2017-03-07 11:50:21'),
	(108, 3, 1, 2, '0', '2017-03-07 11:50:21'),
	(109, 3, 1, 3, '0', '2017-03-07 11:50:21'),
	(110, 3, 1, 3, '0', '2017-03-07 11:50:21'),
	(111, 3, 1, 4, '0', '2017-03-07 11:50:21'),
	(112, 3, 1, 4, '0', '2017-03-07 11:50:21'),
	(113, 3, 1, 5, '0', '2017-03-07 11:50:21'),
	(114, 3, 1, 1, '0', '2017-03-07 11:50:21'),
	(115, 3, 1, 6, '0', '2017-03-07 11:50:21'),
	(116, 3, 1, 1, '0', '2017-03-07 11:50:21'),
	(117, 3, 1, 2, '0', '2017-03-07 11:50:21'),
	(118, 3, 1, 3, '0', '2017-03-07 11:50:21'),
	(119, 3, 1, 3, '0', '2017-03-07 11:50:21'),
	(120, 3, 1, 4, '0', '2017-03-07 11:50:22'),
	(121, 3, 1, 4, '0', '2017-03-07 11:50:22'),
	(122, 3, 1, 5, '0', '2017-03-07 11:50:22'),
	(123, 3, 1, 1, '0', '2017-03-07 11:50:22'),
	(124, 3, 1, 6, '0', '2017-03-07 11:50:22'),
	(125, 3, 1, 1, '0', '2017-03-07 11:50:22'),
	(126, 3, 1, 2, '0', '2017-03-07 11:50:22'),
	(127, 3, 1, 3, '0', '2017-03-07 11:50:22'),
	(128, 3, 1, 3, '0', '2017-03-07 11:50:22'),
	(129, 3, 1, 4, '0', '2017-03-07 11:50:22'),
	(130, 3, 1, 4, '0', '2017-03-07 11:50:22'),
	(131, 3, 1, 5, '0', '2017-03-07 11:50:22'),
	(132, 3, 1, 1, '0', '2017-03-07 11:50:22'),
	(133, 3, 1, 6, '0', '2017-03-07 11:50:22'),
	(134, 3, 1, 1, '0', '2017-03-07 11:50:22'),
	(135, 3, 1, 2, '0', '2017-03-07 11:50:22'),
	(136, 3, 1, 3, '0', '2017-03-07 11:50:22'),
	(137, 3, 1, 3, '0', '2017-03-07 11:50:22'),
	(138, 3, 1, 4, '0', '2017-03-07 11:50:22'),
	(139, 3, 1, 4, '0', '2017-03-07 11:50:22'),
	(140, 3, 1, 5, '0', '2017-03-07 11:50:23'),
	(141, 3, 1, 1, '0', '2017-03-07 11:50:23'),
	(142, 3, 1, 6, '0', '2017-03-07 11:50:23'),
	(143, 3, 1, 1, '0', '2017-03-07 11:50:23'),
	(144, 3, 1, 2, '0', '2017-03-07 11:50:23'),
	(145, 3, 1, 3, '0', '2017-03-07 11:50:23'),
	(146, 3, 1, 3, '0', '2017-03-07 11:50:23'),
	(147, 3, 1, 4, '0', '2017-03-07 11:50:23'),
	(148, 3, 1, 4, '0', '2017-03-07 11:50:23'),
	(149, 3, 1, 5, '0', '2017-03-07 11:50:23'),
	(150, 3, 1, 1, '0', '2017-03-07 11:50:23'),
	(151, 3, 1, 6, '0', '2017-03-07 11:50:23'),
	(152, 3, 1, 1, '0', '2017-03-07 11:50:23'),
	(153, 3, 1, 2, '0', '2017-03-07 11:50:23'),
	(154, 3, 1, 3, '0', '2017-03-07 11:50:23'),
	(155, 3, 1, 3, '0', '2017-03-07 11:50:23'),
	(156, 3, 1, 4, '0', '2017-03-07 11:50:23'),
	(157, 3, 1, 4, '0', '2017-03-07 11:50:23'),
	(158, 3, 1, 5, '0', '2017-03-07 11:50:24'),
	(159, 3, 1, 1, '0', '2017-03-07 11:50:24'),
	(160, 3, 1, 6, '0', '2017-03-07 11:50:24'),
	(161, 3, 1, 1, '0', '2017-03-07 11:50:24'),
	(162, 3, 1, 2, '0', '2017-03-07 11:50:24'),
	(163, 3, 1, 3, '0', '2017-03-07 11:50:24'),
	(164, 3, 1, 3, '0', '2017-03-07 11:50:24'),
	(165, 3, 1, 4, '0', '2017-03-07 11:50:24'),
	(166, 3, 1, 4, '0', '2017-03-07 11:50:24'),
	(167, 3, 1, 5, '0', '2017-03-07 11:50:24'),
	(168, 3, 1, 1, '0', '2017-03-07 11:50:24'),
	(169, 3, 1, 6, '0', '2017-03-07 11:50:24'),
	(170, 3, 1, 1, '0', '2017-03-07 11:50:24'),
	(171, 3, 1, 2, '0', '2017-03-07 11:50:24'),
	(172, 3, 1, 3, '0', '2017-03-07 11:50:24'),
	(173, 3, 1, 3, '0', '2017-03-07 11:50:24'),
	(174, 3, 1, 4, '0', '2017-03-07 11:50:24'),
	(175, 3, 1, 4, '0', '2017-03-07 11:50:24'),
	(176, 3, 1, 5, '0', '2017-03-07 11:50:24'),
	(177, 3, 1, 1, '0', '2017-03-07 11:50:24'),
	(178, 3, 1, 6, '0', '2017-03-07 11:50:24'),
	(179, 3, 1, 1, '0', '2017-03-07 11:50:24'),
	(180, 3, 1, 2, '0', '2017-03-07 11:50:24'),
	(181, 3, 1, 3, '0', '2017-03-07 11:50:24'),
	(182, 3, 1, 3, '0', '2017-03-07 11:50:24'),
	(183, 3, 1, 4, '0', '2017-03-07 11:50:24'),
	(184, 3, 1, 4, '0', '2017-03-07 11:50:25'),
	(185, 3, 1, 5, '0', '2017-03-07 11:50:25'),
	(186, 3, 1, 1, '0', '2017-03-07 11:50:25'),
	(187, 3, 1, 6, '0', '2017-03-07 11:50:25'),
	(188, 3, 1, 1, '0', '2017-03-07 11:50:25'),
	(189, 3, 1, 2, '0', '2017-03-07 11:50:25'),
	(190, 3, 1, 3, '0', '2017-03-07 11:50:25'),
	(191, 3, 1, 3, '0', '2017-03-07 11:50:25'),
	(192, 3, 1, 4, '0', '2017-03-07 11:50:25'),
	(193, 3, 1, 4, '0', '2017-03-07 11:50:25'),
	(194, 3, 1, 5, '0', '2017-03-07 11:50:25'),
	(195, 3, 1, 1, '0', '2017-03-07 11:50:25'),
	(196, 3, 1, 6, '0', '2017-03-07 11:50:25'),
	(197, 3, 1, 1, '0', '2017-03-07 11:50:25'),
	(198, 3, 1, 2, '0', '2017-03-07 11:50:25'),
	(199, 3, 1, 3, '0', '2017-03-07 11:50:25'),
	(200, 3, 1, 3, '0', '2017-03-07 11:50:25'),
	(201, 3, 1, 4, '0', '2017-03-07 11:50:25'),
	(202, 3, 1, 4, '0', '2017-03-07 11:50:25'),
	(203, 3, 1, 5, '0', '2017-03-07 11:50:25'),
	(204, 3, 1, 1, '0', '2017-03-07 11:50:25'),
	(205, 3, 1, 6, '0', '2017-03-07 11:50:25'),
	(206, 3, 1, 1, '0', '2017-03-07 11:50:25'),
	(207, 3, 1, 2, '0', '2017-03-07 11:50:26'),
	(208, 3, 1, 3, '0', '2017-03-07 11:50:26'),
	(209, 3, 1, 3, '0', '2017-03-07 11:50:26'),
	(210, 3, 1, 4, '0', '2017-03-07 11:50:26'),
	(211, 3, 1, 4, '0', '2017-03-07 11:50:26'),
	(212, 3, 1, 2, '0', '2017-03-02 15:04:24'),
	(213, 3, 1, 3, '0', '2017-03-02 15:04:47'),
	(216, 3, 1, 1, '0', '2017-03-07 11:52:36'),
	(217, 3, 1, 2, '0', '2017-03-07 11:52:36'),
	(218, 3, 1, 3, '0', '2017-03-07 11:52:36'),
	(219, 3, 1, 3, '0', '2017-03-07 11:52:36'),
	(220, 3, 1, 4, '0', '2017-03-07 11:52:36'),
	(221, 3, 1, 4, '0', '2017-03-07 11:52:36'),
	(222, 3, 1, 5, '0', '2017-03-07 11:52:36'),
	(223, 3, 1, 1, '0', '2017-03-07 11:52:36'),
	(224, 3, 1, 6, '0', '2017-03-07 11:52:36'),
	(225, 3, 1, 1, '0', '2017-03-07 11:52:36'),
	(226, 3, 1, 2, '0', '2017-03-07 11:52:36'),
	(227, 3, 1, 3, '0', '2017-03-07 11:52:37'),
	(228, 3, 1, 3, '0', '2017-03-07 11:52:37'),
	(229, 3, 1, 4, '0', '2017-03-07 11:52:37'),
	(230, 3, 1, 4, '0', '2017-03-07 11:52:37'),
	(231, 3, 1, 5, '0', '2017-03-07 11:52:37'),
	(232, 3, 1, 1, '0', '2017-03-07 11:52:37'),
	(233, 3, 1, 6, '0', '2017-03-07 11:52:37'),
	(234, 3, 1, 1, '0', '2017-03-07 11:52:37'),
	(235, 3, 1, 2, '0', '2017-03-07 11:52:37'),
	(236, 3, 1, 3, '0', '2017-03-07 11:52:37'),
	(237, 3, 1, 3, '0', '2017-03-07 11:52:37'),
	(238, 3, 1, 4, '0', '2017-03-07 11:52:37'),
	(239, 3, 1, 4, '0', '2017-03-07 11:52:37'),
	(240, 3, 1, 5, '0', '2017-03-07 11:52:37'),
	(241, 3, 1, 1, '0', '2017-03-07 11:52:37'),
	(242, 3, 1, 6, '0', '2017-03-07 11:52:37'),
	(243, 3, 1, 1, '0', '2017-03-07 11:52:37'),
	(244, 3, 1, 2, '0', '2017-03-07 11:52:37'),
	(245, 3, 1, 3, '0', '2017-03-07 11:52:37'),
	(246, 3, 1, 3, '0', '2017-03-07 11:52:37'),
	(247, 3, 1, 4, '0', '2017-03-07 11:52:38'),
	(248, 3, 1, 4, '0', '2017-03-07 11:52:38'),
	(249, 3, 1, 5, '0', '2017-03-07 11:52:38'),
	(250, 3, 1, 1, '0', '2017-03-07 11:52:38'),
	(251, 3, 1, 6, '0', '2017-03-07 11:52:38'),
	(252, 3, 1, 1, '0', '2017-03-07 11:52:38'),
	(253, 3, 1, 2, '0', '2017-03-07 11:52:38'),
	(254, 3, 1, 3, '0', '2017-03-07 11:52:38'),
	(255, 3, 1, 3, '0', '2017-03-07 11:52:38'),
	(256, 3, 1, 4, '0', '2017-03-07 11:52:38'),
	(257, 3, 1, 4, '0', '2017-03-07 11:52:38'),
	(258, 3, 1, 5, '0', '2017-03-07 11:52:38'),
	(259, 3, 1, 1, '0', '2017-03-07 11:52:38'),
	(260, 3, 1, 6, '0', '2017-03-07 11:52:38'),
	(261, 3, 1, 1, '0', '2017-03-07 11:52:38'),
	(262, 3, 1, 2, '0', '2017-03-07 11:52:38'),
	(263, 3, 1, 3, '0', '2017-03-07 11:52:38'),
	(264, 3, 1, 3, '0', '2017-03-07 11:52:38'),
	(265, 3, 1, 4, '0', '2017-03-07 11:52:38'),
	(266, 3, 1, 4, '0', '2017-03-07 11:52:38'),
	(267, 3, 1, 5, '0', '2017-03-07 11:52:38'),
	(268, 3, 1, 1, '0', '2017-03-07 11:52:38'),
	(269, 3, 1, 6, '0', '2017-03-07 11:52:38'),
	(270, 3, 1, 1, '0', '2017-03-07 11:52:38'),
	(271, 3, 1, 2, '0', '2017-03-07 11:52:38'),
	(272, 3, 1, 3, '0', '2017-03-07 11:52:39'),
	(273, 3, 1, 3, '0', '2017-03-07 11:52:39'),
	(274, 3, 1, 4, '0', '2017-03-07 11:52:39'),
	(275, 3, 1, 4, '0', '2017-03-07 11:52:39'),
	(276, 3, 1, 5, '0', '2017-03-07 11:52:39'),
	(277, 3, 1, 1, '0', '2017-03-07 11:52:39'),
	(278, 3, 1, 6, '0', '2017-03-07 11:52:39'),
	(279, 3, 1, 1, '0', '2017-03-07 11:52:39'),
	(280, 3, 1, 2, '0', '2017-03-07 11:52:39'),
	(281, 3, 1, 3, '0', '2017-03-07 11:52:39'),
	(282, 3, 1, 3, '0', '2017-03-07 11:52:39'),
	(283, 3, 1, 4, '0', '2017-03-07 11:52:39'),
	(284, 3, 1, 4, '0', '2017-03-07 11:52:39'),
	(285, 3, 1, 5, '0', '2017-03-07 11:52:39'),
	(286, 3, 1, 1, '0', '2017-03-07 11:52:39'),
	(287, 3, 1, 6, '0', '2017-03-07 11:52:39'),
	(288, 3, 1, 1, '0', '2017-03-07 11:52:39'),
	(289, 3, 1, 2, '0', '2017-03-07 11:52:39'),
	(290, 3, 1, 3, '0', '2017-03-07 11:52:39'),
	(291, 3, 1, 3, '0', '2017-03-07 11:52:39'),
	(292, 3, 1, 4, '0', '2017-03-07 11:52:39'),
	(293, 3, 1, 4, '0', '2017-03-07 11:52:39'),
	(294, 3, 1, 5, '0', '2017-03-07 11:52:39'),
	(295, 3, 1, 1, '0', '2017-03-07 11:52:39'),
	(296, 3, 1, 6, '0', '2017-03-07 11:52:39'),
	(297, 3, 1, 1, '0', '2017-03-07 11:52:40'),
	(298, 3, 1, 2, '0', '2017-03-07 11:52:40'),
	(299, 3, 1, 3, '0', '2017-03-07 11:52:40'),
	(300, 3, 1, 3, '0', '2017-03-07 11:52:40'),
	(301, 3, 1, 4, '0', '2017-03-07 11:52:40'),
	(302, 3, 1, 4, '0', '2017-03-07 11:52:40'),
	(303, 3, 1, 5, '0', '2017-03-07 11:52:40'),
	(304, 3, 1, 1, '0', '2017-03-07 11:52:40'),
	(305, 3, 1, 6, '0', '2017-03-07 11:52:40'),
	(306, 3, 1, 1, '0', '2017-03-07 11:52:40'),
	(307, 3, 1, 2, '0', '2017-03-07 11:52:40'),
	(308, 3, 1, 3, '0', '2017-03-07 11:52:40'),
	(309, 3, 1, 3, '0', '2017-03-07 11:52:40'),
	(310, 3, 1, 4, '0', '2017-03-07 11:52:40'),
	(311, 3, 1, 4, '0', '2017-03-07 11:52:40'),
	(312, 3, 1, 5, '0', '2017-03-07 11:52:40'),
	(313, 3, 1, 1, '0', '2017-03-07 11:52:40'),
	(314, 3, 1, 6, '0', '2017-03-07 11:52:40'),
	(315, 3, 1, 1, '0', '2017-03-07 11:52:40'),
	(316, 3, 1, 2, '0', '2017-03-07 11:52:40'),
	(317, 3, 1, 3, '0', '2017-03-07 11:52:40'),
	(318, 3, 1, 3, '0', '2017-03-07 11:52:40'),
	(319, 3, 1, 4, '0', '2017-03-07 11:52:40'),
	(320, 3, 1, 4, '0', '2017-03-07 11:52:40'),
	(321, 3, 1, 5, '0', '2017-03-07 11:52:41'),
	(322, 3, 1, 1, '0', '2017-03-07 11:52:41'),
	(323, 3, 1, 6, '0', '2017-03-07 11:52:41'),
	(324, 3, 1, 1, '0', '2017-03-07 11:52:41'),
	(325, 3, 1, 2, '0', '2017-03-07 11:52:41'),
	(326, 3, 1, 3, '0', '2017-03-07 11:52:41'),
	(327, 3, 1, 3, '0', '2017-03-07 11:52:41'),
	(328, 3, 1, 4, '0', '2017-03-07 11:52:41'),
	(329, 3, 1, 4, '0', '2017-03-07 11:52:41'),
	(330, 3, 1, 5, '0', '2017-03-07 11:52:41'),
	(331, 3, 1, 1, '0', '2017-03-07 11:52:41'),
	(332, 3, 1, 6, '0', '2017-03-07 11:52:41'),
	(333, 3, 1, 1, '0', '2017-03-07 11:52:41'),
	(334, 3, 1, 2, '0', '2017-03-07 11:52:41'),
	(335, 3, 1, 3, '0', '2017-03-07 11:52:41'),
	(336, 3, 1, 3, '0', '2017-03-07 11:52:41'),
	(337, 3, 1, 4, '0', '2017-03-07 11:52:41'),
	(338, 3, 1, 4, '0', '2017-03-07 11:52:41'),
	(339, 3, 1, 5, '0', '2017-03-07 11:52:41'),
	(340, 3, 1, 1, '0', '2017-03-07 11:52:41'),
	(341, 3, 1, 6, '0', '2017-03-07 11:52:41'),
	(342, 3, 1, 1, '0', '2017-03-07 11:52:41'),
	(343, 3, 1, 2, '0', '2017-03-07 11:52:42'),
	(344, 3, 1, 3, '0', '2017-03-07 11:52:42'),
	(345, 3, 1, 3, '0', '2017-03-07 11:52:42'),
	(346, 3, 1, 4, '0', '2017-03-07 11:52:42'),
	(347, 3, 1, 4, '0', '2017-03-07 11:52:42'),
	(348, 3, 1, 5, '0', '2017-03-07 11:52:42'),
	(349, 3, 1, 1, '0', '2017-03-07 11:52:42'),
	(350, 3, 1, 6, '0', '2017-03-07 11:52:42'),
	(351, 3, 1, 1, '0', '2017-03-07 11:52:42'),
	(352, 3, 1, 2, '0', '2017-03-07 11:52:42'),
	(353, 3, 1, 3, '0', '2017-03-07 11:52:42'),
	(354, 3, 1, 3, '0', '2017-03-07 11:52:42'),
	(355, 3, 1, 4, '0', '2017-03-07 11:52:42'),
	(356, 3, 1, 4, '0', '2017-03-07 11:52:42'),
	(357, 3, 1, 5, '0', '2017-03-07 11:52:42'),
	(358, 3, 1, 1, '0', '2017-03-07 11:52:42'),
	(359, 3, 1, 6, '0', '2017-03-07 11:52:42'),
	(360, 3, 1, 1, '0', '2017-03-07 11:52:42'),
	(361, 3, 1, 2, '0', '2017-03-07 11:52:42'),
	(362, 3, 1, 3, '0', '2017-03-07 11:52:42'),
	(363, 3, 1, 3, '0', '2017-03-07 11:52:42'),
	(364, 3, 1, 4, '0', '2017-03-07 11:52:42'),
	(365, 3, 1, 4, '0', '2017-03-07 11:52:42'),
	(366, 3, 1, 5, '0', '2017-03-07 11:52:42'),
	(367, 3, 1, 1, '0', '2017-03-07 11:52:43'),
	(368, 3, 1, 6, '0', '2017-03-07 11:52:43'),
	(369, 3, 1, 1, '0', '2017-03-07 11:52:43'),
	(370, 3, 1, 2, '0', '2017-03-07 11:52:43'),
	(371, 3, 1, 3, '0', '2017-03-07 11:52:43'),
	(372, 3, 1, 3, '0', '2017-03-07 11:52:43'),
	(373, 3, 1, 4, '0', '2017-03-07 11:52:43'),
	(374, 3, 1, 4, '0', '2017-03-07 11:52:43'),
	(375, 3, 1, 5, '0', '2017-03-07 11:52:43'),
	(376, 3, 1, 1, '0', '2017-03-07 11:52:43'),
	(377, 3, 1, 6, '0', '2017-03-07 11:52:43'),
	(378, 3, 1, 1, '0', '2017-03-07 11:52:43'),
	(379, 3, 1, 2, '0', '2017-03-07 11:52:43'),
	(380, 3, 1, 3, '0', '2017-03-07 11:52:43'),
	(381, 3, 1, 3, '0', '2017-03-07 11:52:43'),
	(382, 3, 1, 4, '0', '2017-03-07 11:52:43'),
	(383, 3, 1, 4, '0', '2017-03-07 11:52:43'),
	(384, 3, 1, 5, '0', '2017-03-07 11:52:43'),
	(385, 3, 1, 1, '0', '2017-03-07 11:52:43'),
	(386, 3, 1, 6, '0', '2017-03-07 11:52:43'),
	(387, 3, 1, 1, '0', '2017-03-07 11:52:43'),
	(388, 3, 1, 2, '0', '2017-03-07 11:52:43'),
	(389, 3, 1, 3, '0', '2017-03-07 11:52:43'),
	(390, 3, 1, 3, '0', '2017-03-07 11:52:43'),
	(391, 3, 1, 4, '0', '2017-03-07 11:52:43'),
	(392, 3, 1, 4, '0', '2017-03-07 11:52:44'),
	(393, 3, 1, 5, '0', '2017-03-07 11:52:44'),
	(394, 3, 1, 1, '0', '2017-03-07 11:52:44'),
	(395, 3, 1, 6, '0', '2017-03-07 11:52:44'),
	(396, 3, 1, 1, '0', '2017-03-07 11:52:44'),
	(397, 3, 1, 2, '0', '2017-03-07 11:52:44'),
	(398, 3, 1, 3, '0', '2017-03-07 11:52:44'),
	(399, 3, 1, 3, '0', '2017-03-07 11:52:44'),
	(400, 3, 1, 4, '0', '2017-03-07 11:52:44'),
	(401, 3, 1, 4, '0', '2017-03-07 11:52:44'),
	(402, 3, 1, 5, '0', '2017-03-07 11:52:44'),
	(403, 3, 1, 1, '0', '2017-03-07 11:52:44'),
	(404, 3, 1, 6, '0', '2017-03-07 11:52:44'),
	(405, 3, 1, 1, '0', '2017-03-07 11:52:44'),
	(406, 3, 1, 2, '0', '2017-03-07 11:52:44'),
	(407, 3, 1, 3, '0', '2017-03-07 11:52:44'),
	(408, 3, 1, 3, '0', '2017-03-07 11:52:44'),
	(409, 3, 1, 4, '0', '2017-03-07 11:52:44'),
	(410, 3, 1, 4, '0', '2017-03-07 11:52:44'),
	(411, 3, 1, 5, '0', '2017-03-07 11:52:44'),
	(412, 3, 1, 1, '0', '2017-03-07 11:52:44'),
	(413, 3, 1, 6, '0', '2017-03-07 11:52:44');
/*!40000 ALTER TABLE `butacassesion` ENABLE KEYS */;

-- Volcando estructura para tabla cdc.descuentos
CREATE TABLE IF NOT EXISTS `descuentos` (
  `idDto` int(11) NOT NULL AUTO_INCREMENT,
  `Dto` int(11) NOT NULL,
  `Descripcion` varchar(50) NOT NULL,
  PRIMARY KEY (`idDto`)
) ENGINE=InnoDB DEFAULT CHARSET=utf8 COMMENT='Tabla de descuentos aplicables a la venta de entradas';

-- Volcando datos para la tabla cdc.descuentos: ~0 rows (aproximadamente)
/*!40000 ALTER TABLE `descuentos` DISABLE KEYS */;
/*!40000 ALTER TABLE `descuentos` ENABLE KEYS */;

-- Volcando estructura para tabla cdc.estados
CREATE TABLE IF NOT EXISTS `estados` (
  `idEstado` int(11) NOT NULL AUTO_INCREMENT,
  `Descripcion` varchar(50) NOT NULL DEFAULT '0' COMMENT 'Libre, vendida, reservada, no vender, invitacion, abono, otros',
  `Color` varchar(6) NOT NULL DEFAULT '0' COMMENT 'Guardar el color en formato exadecimal, sin la almoadilla',
  PRIMARY KEY (`idEstado`)
) ENGINE=InnoDB AUTO_INCREMENT=7 DEFAULT CHARSET=utf8 COMMENT='Posibles estados para una butaca';

-- Volcando datos para la tabla cdc.estados: ~6 rows (aproximadamente)
/*!40000 ALTER TABLE `estados` DISABLE KEYS */;
INSERT IGNORE INTO `estados` (`idEstado`, `Descripcion`, `Color`) VALUES
	(1, 'Libre', '00FF00'),
	(2, 'Vendida', 'FF0000'),
	(3, 'Reservada', 'FF9900'),
	(4, 'No vender', '000000'),
	(5, 'Invitación', '3B83BD'),
	(6, 'Abono', 'EA899A');
/*!40000 ALTER TABLE `estados` ENABLE KEYS */;

-- Volcando estructura para tabla cdc.historia
CREATE TABLE IF NOT EXISTS `historia` (
  `idLinea` int(11) NOT NULL AUTO_INCREMENT,
  `idUsuario` int(11) NOT NULL DEFAULT '0',
  `FechaHora` datetime NOT NULL DEFAULT CURRENT_TIMESTAMP ON UPDATE CURRENT_TIMESTAMP,
  `Log` varchar(150) NOT NULL,
  PRIMARY KEY (`idLinea`),
  KEY `FK_Historia_usuarios` (`idUsuario`),
  CONSTRAINT `FK_Historia_usuarios` FOREIGN KEY (`idUsuario`) REFERENCES `usuarios` (`idUsuario`)
) ENGINE=InnoDB DEFAULT CHARSET=utf8;

-- Volcando datos para la tabla cdc.historia: ~0 rows (aproximadamente)
/*!40000 ALTER TABLE `historia` DISABLE KEYS */;
/*!40000 ALTER TABLE `historia` ENABLE KEYS */;

-- Volcando estructura para tabla cdc.sesiones
CREATE TABLE IF NOT EXISTS `sesiones` (
  `idActividad` int(11) NOT NULL,
  `idSesion` int(11) NOT NULL,
  `Fecha` date DEFAULT NULL,
  `Hora` time DEFAULT NULL,
  `Precio` int(11) DEFAULT NULL COMMENT 'El precio va en centimos, así utilizamos internamente valores enteros sin decimales',
  PRIMARY KEY (`idSesion`,`idActividad`),
  KEY `FK__actividades` (`idActividad`),
  CONSTRAINT `FK__actividades` FOREIGN KEY (`idActividad`) REFERENCES `actividades` (`idActividad`)
) ENGINE=InnoDB DEFAULT CHARSET=utf8 COMMENT='Nos dice las sesiones que hay de cada actividad. Su hora, precio, ...';

-- Volcando datos para la tabla cdc.sesiones: ~2 rows (aproximadamente)
/*!40000 ALTER TABLE `sesiones` DISABLE KEYS */;
INSERT IGNORE INTO `sesiones` (`idActividad`, `idSesion`, `Fecha`, `Hora`, `Precio`) VALUES
	(3, 1, '2017-03-02', '14:18:30', 400),
	(4, 1, '2017-03-06', '13:04:17', 350);
/*!40000 ALTER TABLE `sesiones` ENABLE KEYS */;

-- Volcando estructura para tabla cdc.tickest
CREATE TABLE IF NOT EXISTS `tickest` (
  `idTicket` int(11) NOT NULL AUTO_INCREMENT,
  `idButaca` int(11) NOT NULL DEFAULT '0',
  `idActividad` int(11) NOT NULL DEFAULT '0',
  `idSesion` int(11) NOT NULL DEFAULT '0',
  `importeVenta` int(11) NOT NULL DEFAULT '0' COMMENT 'Los importes van en centimos de euros, así no manejamos decimales en el interior de la aplicacion',
  `isAnulada` binary(1) NOT NULL DEFAULT '0',
  `idUsuario` int(11) DEFAULT '0',
  `motivo` varchar(100) DEFAULT '0',
  `FechaAnulacion` datetime DEFAULT CURRENT_TIMESTAMP,
  `FechaMod` datetime NOT NULL DEFAULT CURRENT_TIMESTAMP ON UPDATE CURRENT_TIMESTAMP,
  PRIMARY KEY (`idTicket`),
  KEY `FK_tickest_butacas` (`idButaca`),
  KEY `FK_tickest_sesiones` (`idActividad`,`idSesion`),
  CONSTRAINT `FK_tickest_butacas` FOREIGN KEY (`idButaca`) REFERENCES `butacas` (`idButaca`),
  CONSTRAINT `FK_tickest_sesiones` FOREIGN KEY (`idActividad`, `idSesion`) REFERENCES `sesiones` (`idActividad`, `idSesion`)
) ENGINE=InnoDB DEFAULT CHARSET=utf8;

-- Volcando datos para la tabla cdc.tickest: ~0 rows (aproximadamente)
/*!40000 ALTER TABLE `tickest` DISABLE KEYS */;
/*!40000 ALTER TABLE `tickest` ENABLE KEYS */;

-- Volcando estructura para tabla cdc.usuarios
CREATE TABLE IF NOT EXISTS `usuarios` (
  `idUsuario` int(11) NOT NULL,
  `Nick` varchar(15) NOT NULL,
  `Pass` varchar(50) NOT NULL COMMENT 'Hash de la contraseña',
  `Nombre` varchar(50) NOT NULL COMMENT 'Nombe y apellidos',
  `FechaMod` datetime NOT NULL COMMENT 'Ultima fecha de modificación',
  PRIMARY KEY (`idUsuario`)
) ENGINE=InnoDB DEFAULT CHARSET=utf8 COMMENT='Personal que va a utilizar la aplicación';

-- Volcando datos para la tabla cdc.usuarios: ~0 rows (aproximadamente)
/*!40000 ALTER TABLE `usuarios` DISABLE KEYS */;
/*!40000 ALTER TABLE `usuarios` ENABLE KEYS */;

/*!40101 SET SQL_MODE=IFNULL(@OLD_SQL_MODE, '') */;
/*!40014 SET FOREIGN_KEY_CHECKS=IF(@OLD_FOREIGN_KEY_CHECKS IS NULL, 1, @OLD_FOREIGN_KEY_CHECKS) */;
/*!40101 SET CHARACTER_SET_CLIENT=@OLD_CHARACTER_SET_CLIENT */;
